material_id,arrival_date,supplier_name,material_type,quantity,unit,quality_check,remarks
1,2024-08-24T03:56:41,Mountain Dairy,Raw Milk,12483.57,Liters,Failed,"Sample test passed, suitable for processing."
2,2024-06-04T08:14:14,Sunny Meadows,Raw Milk,9308.68,Liters,Passed,"Meets all quality standards, ready for processing."
3,2024-07-12T22:17:53,Dairy Farms Inc.,Raw Milk,13238.44,Liters,Passed,"Sample test passed, suitable for processing."
4,2024-06-06T04:16:42,Highland Farms,Raw Milk,17615.15,Liters,Passed,"Detected contaminants, batch returned."
5,2024-07-12T11:06:14,Hillside Dairy,Other,8829.23,Liters,Failed,"No issues, quality is within standards."
6,2024-09-16T08:17:55,Sunny Meadows,Other,8829.32,Liters,Failed,Quality matches the standards set by the company.
7,2024-05-22T04:35:13,Hillside Dairy,Skim Milk,17896.06,Liters,Passed,High bacterial count detected; returned to supplier.
8,2024-07-04T18:35:22,Mountain Dairy,Skim Milk,13837.17,Liters,Failed,"Meets all quality standards, ready for processing."
9,2024-06-12T08:45:23,Dairy Farms Inc.,Other,7652.63,Liters,Passed,Consistent quality as previous shipments.
10,2024-05-07T07:14:07,Highland Farms,Skim Milk,12712.8,Liters,Failed,"Meets all quality standards, ready for processing."
11,2024-05-29T08:07:47,Sunshine Dairy,Raw Milk,7682.91,Liters,Passed,"Sample test passed, suitable for processing."
12,2024-09-19T02:45:34,Green Valley Dairy,Raw Milk,7671.35,Liters,Passed,High bacterial count detected; returned to supplier.
13,2024-07-04T19:30:59,Green Valley Dairy,Other,11209.81,Liters,Failed,"Quality is good, within standards."
14,2024-07-02T21:10:06,Farm Fresh,Cream,433.6,Liters,Failed,High bacterial count detected; returned to supplier.
15,2024-08-18T06:45:22,Happy Cows,Cream,1375.41,Liters,Passed,"Quality is good, within standards."
16,2024-07-20T18:17:19,Country Milk,Skim Milk,7188.56,Liters,Passed,"No anomalies, quality is consistent."
17,2024-10-02T15:58:28,Dairy Farms Inc.,Cream,4935.84,Liters,Passed,"No anomalies, quality is consistent."
18,2024-07-08T21:33:48,Green Valley Dairy,Raw Milk,11571.24,Liters,Passed,"Meets all quality standards, ready for processing."
19,2024-10-09T04:10:08,Sunshine Dairy,Skim Milk,5459.88,Liters,Passed,"High quality milk, no bacteria detected."
20,2024-07-07T19:46:41,Happy Cows,Other,2938.48,Liters,Passed,Quality matches the standards set by the company.
21,2024-05-19T02:43:28,Hillside Dairy,Skim Milk,17328.24,Liters,Failed,"Meets all quality standards, ready for processing."
22,2024-07-08T13:20:28,Farm Fresh,Cream,8871.12,Liters,Passed,"Detected contaminants, batch returned."
23,2024-07-26T19:57:01,Mountain Dairy,Raw Milk,10337.64,Liters,Passed,"Quality is good, within standards."
24,2024-08-21T20:06:37,Sunny Meadows,Other,2876.26,Liters,Passed,Consistent quality as previous shipments.
25,2024-07-05T02:28:29,Valley Dairy,Other,7278.09,Liters,Failed,"Detected contaminants, batch returned."
26,2024-10-06T03:31:26,Dairy Farms Inc.,Raw Milk,10554.61,Liters,Failed,"No anomalies, quality is consistent."
27,2024-05-13T15:52:14,Green Valley Dairy,Other,4245.03,Liters,Passed,"High quality milk, no bacteria detected."
28,2024-04-22T15:07:27,Sunshine Dairy,Skim Milk,11878.49,Liters,Passed,"Detected contaminants, batch returned."
29,2024-10-16T05:09:14,Mountain Dairy,Skim Milk,6996.81,Liters,Passed,"Quality is good, within standards."
30,2024-07-03T14:33:53,Sunny Meadows,Raw Milk,8541.53,Liters,Failed,"High quality milk, no bacteria detected."
31,2024-04-25T18:46:05,Mountain Dairy,Skim Milk,6991.47,Liters,Failed,"Sample test passed, suitable for processing."
32,2024-05-03T05:57:03,Hillside Dairy,Raw Milk,19261.39,Liters,Passed,"High quality milk, no bacteria detected."
33,2024-09-27T10:56:38,Mountain Dairy,Cream,9932.51,Liters,Passed,"High quality milk, no bacteria detected."
34,2024-08-06T18:16:13,Sunny Meadows,Skim Milk,4711.45,Liters,Failed,"Sample test passed, suitable for processing."
35,2024-10-19T09:03:02,Highland Farms,Cream,14112.72,Liters,Failed,Consistent quality as previous shipments.
36,2024-08-30T10:17:17,Happy Cows,Skim Milk,3895.78,Liters,Failed,"Detected contaminants, batch returned."
37,2024-07-18T16:04:40,Mountain Dairy,Cream,11044.32,Liters,Passed,High bacterial count detected; returned to supplier.
38,2024-06-26T15:35:34,Dairy Farms Inc.,Cream,201.65,Liters,Passed,"No issues, quality is within standards."
39,2024-05-05T18:51:06,Sunshine Dairy,Raw Milk,3359.07,Liters,Passed,High bacterial count detected; returned to supplier.
40,2024-10-14T19:33:47,Dairy Farms Inc.,Skim Milk,10984.31,Liters,Passed,"Detected contaminants, batch returned."
41,2024-06-07T05:10:55,Green Valley Dairy,Other,13692.33,Liters,Passed,"Detected contaminants, batch returned."
42,2024-05-17T16:37:04,Sunshine Dairy,Other,10856.84,Liters,Passed,"High quality milk, no bacteria detected."
43,2024-09-25T19:12:31,Country Milk,Cream,9421.76,Liters,Passed,High bacterial count detected; returned to supplier.
44,2024-08-27T23:04:55,Country Milk,Skim Milk,8494.48,Liters,Failed,Consistent quality as previous shipments.
45,2024-07-21T16:29:33,Sunshine Dairy,Raw Milk,2607.39,Liters,Passed,"No issues, quality is within standards."
46,2024-07-09T04:21:04,Sunshine Dairy,Skim Milk,6400.78,Liters,Passed,"Sample test passed, suitable for processing."
47,2024-05-29T04:52:28,Hillside Dairy,Other,7696.81,Liters,Passed,Consistent quality as previous shipments.
48,2024-05-27T15:06:58,Green Valley Dairy,Other,15285.61,Liters,Passed,High bacterial count detected; returned to supplier.
49,2024-07-17T01:08:20,Highland Farms,Raw Milk,11718.09,Liters,Passed,"Detected contaminants, batch returned."
50,2024-10-01T08:10:15,Dairy Farms Inc.,Raw Milk,1184.8,Liters,Passed,"Quality is good, within standards."
51,2024-07-09T22:01:36,Riverside Dairy,Other,11620.42,Liters,Passed,Consistent quality as previous shipments.
52,2024-10-14T05:41:18,Dairy Farms Inc.,Cream,8074.59,Liters,Failed,"No issues, quality is within standards."
53,2024-07-06T19:29:50,Green Valley Dairy,Other,6615.39,Liters,Failed,Consistent quality as previous shipments.
54,2024-09-04T06:21:06,Sunshine Dairy,Other,13058.38,Liters,Passed,"Sample test passed, suitable for processing."
55,2024-06-18T14:45:31,Hillside Dairy,Raw Milk,15155.0,Liters,Passed,"No anomalies, quality is consistent."
56,2024-05-03T02:24:34,Dairy Farms Inc.,Other,14656.4,Liters,Passed,"No issues, quality is within standards."
57,2024-07-29T14:39:08,Mountain Dairy,Cream,5803.91,Liters,Passed,"Meets all quality standards, ready for processing."
58,2024-05-05T04:43:14,Happy Cows,Cream,8453.94,Liters,Failed,High bacterial count detected; returned to supplier.
59,2024-10-11T21:02:22,Valley Dairy,Cream,11656.32,Liters,Passed,"Meets all quality standards, ready for processing."
60,2024-05-07T22:04:13,Country Milk,Skim Milk,14877.73,Liters,Failed,"Sample test passed, suitable for processing."
61,2024-08-30T01:08:57,Sunshine Dairy,Skim Milk,7604.13,Liters,Passed,Quality matches the standards set by the company.
62,2024-07-07T20:29:44,Sunny Meadows,Skim Milk,9071.71,Liters,Failed,"No anomalies, quality is consistent."
63,2024-10-19T09:32:21,Mountain Dairy,Raw Milk,4468.33,Liters,Failed,"Meets all quality standards, ready for processing."
64,2024-08-09T07:44:25,Mountain Dairy,Raw Milk,4018.97,Liters,Passed,"Detected contaminants, batch returned."
65,2024-06-12T11:55:24,Sunny Meadows,Skim Milk,14062.63,Liters,Passed,"Sample test passed, suitable for processing."
66,2024-07-02T18:07:15,Green Valley Dairy,Cream,16781.2,Liters,Failed,"Detected contaminants, batch returned."
67,2024-09-05T14:44:01,Green Valley Dairy,Raw Milk,9639.95,Liters,Failed,High bacterial count detected; returned to supplier.
68,2024-10-09T12:22:05,Sunny Meadows,Skim Milk,15017.66,Liters,Passed,High bacterial count detected; returned to supplier.
69,2024-09-13T03:54:45,Highland Farms,Cream,11808.18,Liters,Failed,Quality matches the standards set by the company.
70,2024-08-17T10:42:40,Hillside Dairy,Skim Milk,6774.4,Liters,Passed,Quality matches the standards set by the company.
71,2024-07-29T03:22:36,Riverside Dairy,Skim Milk,11806.98,Liters,Passed,High bacterial count detected; returned to supplier.
72,2024-08-23T03:58:47,Country Milk,Skim Milk,17690.18,Liters,Passed,"No issues, quality is within standards."
73,2024-06-25T18:29:10,Sunny Meadows,Skim Milk,9820.87,Liters,Passed,"High quality milk, no bacteria detected."
74,2024-08-07T03:01:01,Sunshine Dairy,Other,17823.22,Liters,Passed,High bacterial count detected; returned to supplier.
75,2024-05-06T14:39:42,Sunshine Dairy,Cream,-3098.73,Liters,Passed,"No anomalies, quality is consistent."
76,2024-08-13T02:41:28,Highland Farms,Cream,14109.51,Liters,Failed,"Quality is good, within standards."
77,2024-04-30T02:56:11,Green Valley Dairy,Skim Milk,10435.24,Liters,Passed,"No anomalies, quality is consistent."
78,2024-06-01T19:01:39,Happy Cows,Cream,8504.96,Liters,Passed,"No anomalies, quality is consistent."
79,2024-09-20T11:36:18,Highland Farms,Other,10458.8,Liters,Passed,"Sample test passed, suitable for processing."
80,2024-10-06T21:21:16,Sunny Meadows,Cream,62.16,Liters,Failed,"No issues, quality is within standards."
81,2024-05-26T19:52:52,Sunshine Dairy,Skim Milk,8901.64,Liters,Failed,"Sample test passed, suitable for processing."
82,2024-06-12T19:24:17,Sunny Meadows,Raw Milk,11785.56,Liters,Failed,"No issues, quality is within standards."
83,2024-10-05T17:20:04,Riverside Dairy,Cream,17389.47,Liters,Passed,"High quality milk, no bacteria detected."
84,2024-06-28T21:31:34,Green Valley Dairy,Cream,7408.65,Liters,Passed,"No issues, quality is within standards."
85,2024-08-28T03:58:39,Hillside Dairy,Other,5957.53,Liters,Failed,Quality matches the standards set by the company.
86,2024-10-06T20:10:36,Mountain Dairy,Skim Milk,7491.21,Liters,Failed,"Detected contaminants, batch returned."
87,2024-07-08T14:38:10,Happy Cows,Skim Milk,14577.01,Liters,Passed,High bacterial count detected; returned to supplier.
88,2024-10-09T07:17:42,Green Valley Dairy,Cream,11643.76,Liters,Failed,"No issues, quality is within standards."
89,2024-05-13T01:11:32,Valley Dairy,Other,7351.2,Liters,Failed,"No anomalies, quality is consistent."
90,2024-07-15T17:44:34,Valley Dairy,Raw Milk,12566.34,Liters,Failed,"Meets all quality standards, ready for processing."
91,2024-05-28T21:49:52,Green Valley Dairy,Raw Milk,10485.39,Liters,Failed,"No issues, quality is within standards."
92,2024-07-31T23:00:15,Highland Farms,Cream,14843.22,Liters,Failed,Consistent quality as previous shipments.
93,2024-05-05T14:06:05,Happy Cows,Skim Milk,6489.73,Liters,Failed,High bacterial count detected; returned to supplier.
94,2024-09-08T18:17:52,Green Valley Dairy,Skim Milk,8361.69,Liters,Failed,"No anomalies, quality is consistent."
95,2024-07-09T03:19:18,Sunshine Dairy,Skim Milk,8039.46,Liters,Passed,"Sample test passed, suitable for processing."
96,2024-07-12T15:25:18,Happy Cows,Other,2682.43,Liters,Passed,"Meets all quality standards, ready for processing."
97,2024-08-10T12:13:21,Green Valley Dairy,Other,11480.6,Liters,Passed,Quality matches the standards set by the company.
98,2024-06-16T17:06:53,Hillside Dairy,Other,11305.28,Liters,Failed,"High quality milk, no bacteria detected."
99,2024-07-16T18:52:19,Riverside Dairy,Cream,10025.57,Liters,Failed,"Quality is good, within standards."
100,2024-08-27T22:28:01,Mountain Dairy,Skim Milk,8827.06,Liters,Failed,High bacterial count detected; returned to supplier.
101,2024-09-27T22:07:47,Hillside Dairy,Skim Milk,2923.15,Liters,Passed,"Sample test passed, suitable for processing."
102,2024-05-20T14:43:09,Dairy Farms Inc.,Raw Milk,7896.77,Liters,Passed,"High quality milk, no bacteria detected."
103,2024-08-18T16:44:35,Mountain Dairy,Other,8286.43,Liters,Failed,"Meets all quality standards, ready for processing."
104,2024-05-29T18:08:01,Sunshine Dairy,Other,5988.61,Liters,Failed,Consistent quality as previous shipments.
105,2024-06-08T09:02:59,Sunny Meadows,Raw Milk,9193.57,Liters,Passed,Consistent quality as previous shipments.
106,2024-06-03T11:52:25,Sunny Meadows,Other,12020.25,Liters,Passed,"Detected contaminants, batch returned."
107,2024-06-09T09:20:53,Mountain Dairy,Other,19430.93,Liters,Passed,"High quality milk, no bacteria detected."
108,2024-08-29T15:08:15,Highland Farms,Skim Milk,10872.89,Liters,Failed,"Meets all quality standards, ready for processing."
109,2024-09-27T06:12:20,Sunshine Dairy,Other,11287.75,Liters,Failed,"Quality is good, within standards."
110,2024-09-13T09:41:07,Riverside Dairy,Other,9627.77,Liters,Failed,"Sample test passed, suitable for processing."
111,2024-10-02T02:02:41,Happy Cows,Skim Milk,406.14,Liters,Failed,"Sample test passed, suitable for processing."
112,2024-06-14T07:43:00,Riverside Dairy,Raw Milk,9867.43,Liters,Failed,"Sample test passed, suitable for processing."
113,2024-06-13T18:17:03,Farm Fresh,Skim Milk,10301.15,Liters,Passed,"Quality is good, within standards."
114,2024-05-21T06:55:18,Hillside Dairy,Other,22316.21,Liters,Passed,"Sample test passed, suitable for processing."
115,2024-05-04T11:19:41,Country Milk,Other,9038.2,Liters,Failed,"Detected contaminants, batch returned."
116,2024-07-21T11:21:52,Country Milk,Raw Milk,11507.74,Liters,Passed,Consistent quality as previous shipments.
117,2024-07-06T15:05:36,Valley Dairy,Raw Milk,9826.44,Liters,Failed,"High quality milk, no bacteria detected."
118,2024-04-23T03:28:39,Farm Fresh,Skim Milk,4156.61,Liters,Failed,Consistent quality as previous shipments.
119,2024-08-04T12:17:22,Sunshine Dairy,Cream,15714.11,Liters,Failed,"Sample test passed, suitable for processing."
120,2024-06-13T23:58:14,Country Milk,Other,13759.67,Liters,Passed,Consistent quality as previous shipments.
121,2024-06-26T06:28:37,Happy Cows,Other,13955.16,Liters,Passed,"High quality milk, no bacteria detected."
122,2024-10-17T13:22:28,Sunny Meadows,Raw Milk,5453.06,Liters,Failed,"Meets all quality standards, ready for processing."
123,2024-08-09T14:15:26,Happy Cows,Raw Milk,17013.97,Liters,Passed,Consistent quality as previous shipments.
124,2024-05-18T08:24:19,Riverside Dairy,Cream,2990.74,Liters,Passed,Quality matches the standards set by the company.
125,2024-07-04T14:45:07,Farm Fresh,Cream,12934.29,Liters,Failed,"No anomalies, quality is consistent."
126,2024-06-26T12:51:59,Country Milk,Skim Milk,20952.28,Liters,Failed,Quality matches the standards set by the company.
127,2024-10-01T02:58:00,Mountain Dairy,Other,5047.32,Liters,Passed,"Detected contaminants, batch returned."
128,2024-05-02T02:44:11,Farm Fresh,Cream,7168.51,Liters,Passed,"No issues, quality is within standards."
129,2024-09-15T10:58:53,Dairy Farms Inc.,Cream,10498.26,Liters,Passed,"No issues, quality is within standards."
130,2024-08-20T15:38:02,Sunny Meadows,Cream,7482.62,Liters,Passed,"High quality milk, no bacteria detected."
131,2024-08-29T23:54:15,Mountain Dairy,Cream,2246.68,Liters,Failed,Quality matches the standards set by the company.
132,2024-09-17T22:00:15,Farm Fresh,Cream,10342.81,Liters,Passed,"Quality is good, within standards."
133,2024-06-21T09:32:47,Mountain Dairy,Raw Milk,4688.48,Liters,Failed,"Meets all quality standards, ready for processing."
134,2024-08-31T12:40:01,Country Milk,Other,12367.96,Liters,Passed,High bacterial count detected; returned to supplier.
135,2024-08-14T23:22:33,Sunshine Dairy,Cream,5402.88,Liters,Passed,Quality matches the standards set by the company.
136,2024-10-04T02:39:13,Happy Cows,Raw Milk,17749.67,Liters,Passed,"No anomalies, quality is consistent."
137,2024-08-03T10:46:22,Country Milk,Skim Milk,6083.73,Liters,Passed,"Detected contaminants, batch returned."
138,2024-08-25T17:46:13,Farm Fresh,Raw Milk,8389.69,Liters,Failed,"High quality milk, no bacteria detected."
139,2024-05-12T11:50:48,Country Milk,Skim Milk,14067.59,Liters,Failed,"Quality is good, within standards."
140,2024-07-15T13:31:01,Sunny Meadows,Skim Milk,3845.68,Liters,Failed,"High quality milk, no bacteria detected."
141,2024-07-15T13:55:27,Sunshine Dairy,Skim Milk,11137.3,Liters,Failed,"Sample test passed, suitable for processing."
142,2024-09-30T07:29:13,Mountain Dairy,Skim Milk,16535.71,Liters,Failed,"Sample test passed, suitable for processing."
143,2024-09-14T17:28:22,Riverside Dairy,Other,1962.58,Liters,Failed,"No issues, quality is within standards."
144,2024-07-26T23:38:06,Farm Fresh,Cream,10923.17,Liters,Failed,"Sample test passed, suitable for processing."
145,2024-06-29T21:36:15,Green Valley Dairy,Skim Milk,11299.41,Liters,Failed,"Meets all quality standards, ready for processing."
146,2024-09-05T03:45:11,Green Valley Dairy,Raw Milk,13909.11,Liters,Passed,High bacterial count detected; returned to supplier.
147,2024-06-07T20:48:02,Sunshine Dairy,Other,3815.25,Liters,Failed,"Detected contaminants, batch returned."
148,2024-09-16T05:18:12,Hillside Dairy,Other,3397.72,Liters,Failed,"High quality milk, no bacteria detected."
149,2024-09-22T23:20:06,Dairy Farms Inc.,Raw Milk,12609.71,Liters,Failed,"Sample test passed, suitable for processing."
150,2024-07-09T12:38:45,Sunshine Dairy,Cream,11484.92,Liters,Failed,"Meets all quality standards, ready for processing."
151,2024-07-02T15:45:35,Riverside Dairy,Skim Milk,11252.46,Liters,Failed,"Detected contaminants, batch returned."
152,2024-06-25T05:35:57,Farm Fresh,Other,11732.24,Liters,Failed,Quality matches the standards set by the company.
153,2024-06-09T19:37:33,Hillside Dairy,Raw Milk,6599.88,Liters,Passed,"No anomalies, quality is consistent."
154,2024-05-15T05:09:55,Sunshine Dairy,Cream,11161.27,Liters,Passed,"Sample test passed, suitable for processing."
155,2024-09-12T10:08:49,Riverside Dairy,Skim Milk,11465.36,Liters,Failed,High bacterial count detected; returned to supplier.
156,2024-09-30T16:19:45,Hillside Dairy,Skim Milk,6428.24,Liters,Passed,"No anomalies, quality is consistent."
157,2024-05-26T20:15:29,Green Valley Dairy,Raw Milk,19328.87,Liters,Passed,Quality matches the standards set by the company.
158,2024-04-30T20:07:06,Dairy Farms Inc.,Skim Milk,12369.16,Liters,Passed,"High quality milk, no bacteria detected."
159,2024-05-11T22:05:35,Dairy Farms Inc.,Skim Milk,4043.48,Liters,Failed,"High quality milk, no bacteria detected."
160,2024-07-16T12:44:00,Farm Fresh,Cream,13282.77,Liters,Passed,Quality matches the standards set by the company.
161,2024-10-06T07:55:12,Riverside Dairy,Raw Milk,5126.59,Liters,Passed,Consistent quality as previous shipments.
162,2024-07-26T11:42:18,Mountain Dairy,Raw Milk,13935.42,Liters,Passed,"Quality is good, within standards."
163,2024-09-26T12:11:45,Valley Dairy,Skim Milk,15792.98,Liters,Passed,"Sample test passed, suitable for processing."
164,2024-05-15T00:01:27,Highland Farms,Other,5896.59,Liters,Passed,"Detected contaminants, batch returned."
165,2024-07-04T20:41:24,Riverside Dairy,Other,14816.88,Liters,Failed,"Meets all quality standards, ready for processing."
166,2024-07-14T06:29:30,Green Valley Dairy,Raw Milk,12063.9,Liters,Passed,"Sample test passed, suitable for processing."
167,2024-08-21T11:06:40,Hillside Dairy,Skim Milk,14110.3,Liters,Passed,"Quality is good, within standards."
168,2024-06-07T13:51:09,Sunny Meadows,Raw Milk,19483.96,Liters,Passed,"No issues, quality is within standards."
169,2024-07-10T07:49:47,Riverside Dairy,Other,8773.06,Liters,Failed,"No issues, quality is within standards."
170,2024-06-05T22:45:26,Green Valley Dairy,Skim Milk,6231.32,Liters,Failed,High bacterial count detected; returned to supplier.
171,2024-09-02T11:26:45,Hillside Dairy,Skim Milk,5552.43,Liters,Passed,Consistent quality as previous shipments.
172,2024-05-14T06:53:46,Highland Farms,Cream,5920.95,Liters,Passed,Quality matches the standards set by the company.
173,2024-09-29T12:22:49,Sunny Meadows,Raw Milk,9614.49,Liters,Passed,"Quality is good, within standards."
174,2024-09-22T21:55:00,Green Valley Dairy,Skim Milk,11705.76,Liters,Failed,High bacterial count detected; returned to supplier.
175,2024-07-22T00:17:27,Sunshine Dairy,Skim Milk,11383.45,Liters,Failed,Quality matches the standards set by the company.
176,2024-07-28T04:22:09,Highland Farms,Other,14135.92,Liters,Failed,High bacterial count detected; returned to supplier.
177,2024-08-16T03:03:10,Dairy Farms Inc.,Other,10065.01,Liters,Failed,"Meets all quality standards, ready for processing."
178,2024-06-09T14:47:56,Dairy Farms Inc.,Raw Milk,17267.67,Liters,Passed,"Meets all quality standards, ready for processing."
179,2024-08-14T00:11:28,Dairy Farms Inc.,Skim Milk,8676.72,Liters,Passed,"Quality is good, within standards."
180,2024-07-22T08:41:33,Highland Farms,Other,23600.85,Liters,Failed,"Quality is good, within standards."
181,2024-08-13T15:50:01,Country Milk,Other,13128.34,Liters,Passed,"High quality milk, no bacteria detected."
182,2024-06-28T13:36:57,Country Milk,Skim Milk,5714.21,Liters,Failed,High bacterial count detected; returned to supplier.
183,2024-10-05T13:19:33,Sunny Meadows,Skim Milk,4645.54,Liters,Failed,"High quality milk, no bacteria detected."
184,2024-06-16T23:11:32,Happy Cows,Other,12412.36,Liters,Passed,"High quality milk, no bacteria detected."
185,2024-05-09T02:23:18,Farm Fresh,Skim Milk,8882.69,Liters,Failed,High bacterial count detected; returned to supplier.
186,2024-09-19T00:20:03,Country Milk,Raw Milk,13570.0,Liters,Failed,Consistent quality as previous shipments.
187,2024-05-02T12:36:33,Hillside Dairy,Skim Milk,12366.19,Liters,Failed,"High quality milk, no bacteria detected."
188,2024-09-16T13:48:45,Dairy Farms Inc.,Cream,9635.86,Liters,Failed,"Detected contaminants, batch returned."
189,2024-05-17T10:33:57,Green Valley Dairy,Other,5766.03,Liters,Failed,High bacterial count detected; returned to supplier.
190,2024-04-27T14:32:28,Happy Cows,Cream,2425.76,Liters,Passed,Quality matches the standards set by the company.
191,2024-08-06T23:05:45,Dairy Farms Inc.,Other,7767.43,Liters,Passed,"Sample test passed, suitable for processing."
192,2024-10-02T09:14:04,Mountain Dairy,Other,14281.99,Liters,Passed,"Quality is good, within standards."
193,2024-07-27T18:35:53,Sunshine Dairy,Skim Milk,11070.47,Liters,Failed,Consistent quality as previous shipments.
194,2024-10-01T02:05:43,Riverside Dairy,Other,3771.31,Liters,Passed,"High quality milk, no bacteria detected."
195,2024-08-07T01:04:53,Sunny Meadows,Other,10865.9,Liters,Passed,"Meets all quality standards, ready for processing."
196,2024-07-29T16:34:27,Sunshine Dairy,Cream,11926.59,Liters,Passed,Quality matches the standards set by the company.
197,2024-09-19T00:55:37,Country Milk,Skim Milk,5580.71,Liters,Failed,"No issues, quality is within standards."
198,2024-06-15T22:07:30,Sunshine Dairy,Skim Milk,10768.63,Liters,Failed,"Quality is good, within standards."
199,2024-07-17T17:03:42,Highland Farms,Other,10291.04,Liters,Failed,"No anomalies, quality is consistent."
200,2024-08-07T04:07:17,Highland Farms,Other,4285.15,Liters,Failed,"No anomalies, quality is consistent."
201,2024-10-07T20:38:15,Hillside Dairy,Cream,11788.94,Liters,Failed,"Sample test passed, suitable for processing."
202,2024-10-05T05:18:34,Country Milk,Raw Milk,12803.92,Liters,Failed,"High quality milk, no bacteria detected."
203,2024-09-05T22:36:00,Country Milk,Other,15415.26,Liters,Passed,"High quality milk, no bacteria detected."
204,2024-04-29T04:31:26,Sunny Meadows,Skim Milk,15269.01,Liters,Passed,"High quality milk, no bacteria detected."
205,2024-05-11T08:41:24,Highland Farms,Other,3111.65,Liters,Passed,"Quality is good, within standards."
206,2024-07-10T14:38:19,Happy Cows,Cream,5310.87,Liters,Passed,"High quality milk, no bacteria detected."
207,2024-09-20T18:10:18,Green Valley Dairy,Skim Milk,12575.18,Liters,Failed,High bacterial count detected; returned to supplier.
208,2024-10-04T09:30:50,Farm Fresh,Other,12568.93,Liters,Failed,"High quality milk, no bacteria detected."
209,2024-10-08T09:35:58,Highland Farms,Raw Milk,12575.24,Liters,Passed,"Sample test passed, suitable for processing."
210,2024-08-22T13:25:24,Happy Cows,Skim Milk,29263.66,Liters,Passed,High bacterial count detected; returned to supplier.
211,2024-07-15T06:27:13,Mountain Dairy,Raw Milk,12854.45,Liters,Failed,"Quality is good, within standards."
212,2024-09-03T18:16:47,Green Valley Dairy,Raw Milk,15677.83,Liters,Passed,"No anomalies, quality is consistent."
213,2024-09-23T14:17:50,Dairy Farms Inc.,Skim Milk,14770.01,Liters,Failed,"No anomalies, quality is consistent."
214,2024-07-14T15:08:45,Sunny Meadows,Cream,13256.96,Liters,Failed,"Meets all quality standards, ready for processing."
215,2024-09-01T09:25:12,Sunny Meadows,Cream,8423.65,Liters,Passed,High bacterial count detected; returned to supplier.
216,2024-08-18T08:26:15,Country Milk,Cream,13794.85,Liters,Failed,"Meets all quality standards, ready for processing."
217,2024-05-19T18:58:36,Hillside Dairy,Other,6135.87,Liters,Failed,"High quality milk, no bacteria detected."
218,2024-06-10T13:54:31,Happy Cows,Raw Milk,8815.91,Liters,Failed,Quality matches the standards set by the company.
219,2024-08-31T13:53:44,Highland Farms,Cream,7573.18,Liters,Passed,"High quality milk, no bacteria detected."
220,2024-06-28T02:27:09,Valley Dairy,Skim Milk,10409.37,Liters,Failed,Quality matches the standards set by the company.
221,2024-07-19T17:00:33,Green Valley Dairy,Cream,21573.29,Liters,Failed,"High quality milk, no bacteria detected."
222,2024-05-12T17:02:24,Hillside Dairy,Other,663.67,Liters,Failed,"Meets all quality standards, ready for processing."
223,2024-06-18T10:51:54,Sunshine Dairy,Skim Milk,13431.3,Liters,Passed,Consistent quality as previous shipments.
224,2024-06-14T07:10:16,Dairy Farms Inc.,Raw Milk,1936.42,Liters,Failed,Quality matches the standards set by the company.
225,2024-09-19T15:12:53,Hillside Dairy,Skim Milk,7640.34,Liters,Passed,"Sample test passed, suitable for processing."
226,2024-08-20T13:33:45,Green Valley Dairy,Cream,15444.75,Liters,Passed,"No issues, quality is within standards."
227,2024-06-20T23:43:53,Riverside Dairy,Raw Milk,10321.4,Liters,Failed,"Quality is good, within standards."
228,2024-05-09T12:03:07,Green Valley Dairy,Skim Milk,4611.28,Liters,Failed,"Quality is good, within standards."
229,2024-05-30T23:46:17,Sunny Meadows,Skim Milk,6423.48,Liters,Failed,"Quality is good, within standards."
230,2024-06-10T21:34:02,Riverside Dairy,Skim Milk,13397.99,Liters,Failed,High bacterial count detected; returned to supplier.
231,2024-07-21T22:34:56,Mountain Dairy,Cream,6348.17,Liters,Passed,Consistent quality as previous shipments.
232,2024-10-03T05:27:17,Highland Farms,Skim Milk,11082.29,Liters,Passed,Consistent quality as previous shipments.
233,2024-04-24T16:51:56,Green Valley Dairy,Raw Milk,10227.86,Liters,Failed,"No anomalies, quality is consistent."
234,2024-08-30T15:36:27,Sunshine Dairy,Skim Milk,6742.0,Liters,Failed,"No anomalies, quality is consistent."
235,2024-05-13T00:55:45,Happy Cows,Cream,20719.72,Liters,Failed,"No issues, quality is within standards."
236,2024-08-20T07:17:51,Highland Farms,Skim Milk,13169.6,Liters,Passed,High bacterial count detected; returned to supplier.
237,2024-08-23T09:11:48,Riverside Dairy,Skim Milk,-125.71,Liters,Failed,High bacterial count detected; returned to supplier.
238,2024-05-19T03:24:29,Dairy Farms Inc.,Raw Milk,10932.27,Liters,Failed,"High quality milk, no bacteria detected."
239,2024-05-14T13:09:38,Mountain Dairy,Cream,6691.07,Liters,Passed,Consistent quality as previous shipments.
240,2024-07-19T02:07:59,Farm Fresh,Other,14262.17,Liters,Passed,Consistent quality as previous shipments.
241,2024-08-27T04:09:26,Mountain Dairy,Other,6037.4,Liters,Failed,Quality matches the standards set by the company.
242,2024-04-28T08:28:08,Sunshine Dairy,Skim Milk,9426.32,Liters,Passed,"High quality milk, no bacteria detected."
243,2024-07-17T08:25:58,Hillside Dairy,Skim Milk,12524.94,Liters,Passed,"No anomalies, quality is consistent."
244,2024-08-05T17:23:41,Happy Cows,Skim Milk,14328.78,Liters,Passed,Consistent quality as previous shipments.
245,2024-06-14T13:42:02,Hillside Dairy,Raw Milk,3998.52,Liters,Failed,High bacterial count detected; returned to supplier.
246,2024-08-28T16:43:34,Hillside Dairy,Raw Milk,8327.49,Liters,Passed,"No anomalies, quality is consistent."
247,2024-06-08T07:06:47,Sunny Meadows,Cream,7625.27,Liters,Passed,"Detected contaminants, batch returned."
248,2024-06-01T05:25:23,Valley Dairy,Cream,6733.35,Liters,Passed,"No anomalies, quality is consistent."
249,2024-09-19T08:49:08,Sunny Meadows,Raw Milk,18827.27,Liters,Failed,"Quality is good, within standards."
250,2024-05-17T05:48:26,Highland Farms,Skim Milk,12024.91,Liters,Passed,High bacterial count detected; returned to supplier.
251,2024-08-28T08:45:06,Dairy Farms Inc.,Cream,3695.58,Liters,Passed,"No anomalies, quality is consistent."
252,2024-09-22T09:35:43,Hillside Dairy,Skim Milk,14589.31,Liters,Passed,"Quality is good, within standards."
253,2024-06-12T12:42:08,Dairy Farms Inc.,Cream,20610.78,Liters,Failed,"Detected contaminants, batch returned."
254,2024-05-14T01:38:38,Sunshine Dairy,Raw Milk,15162.33,Liters,Failed,"High quality milk, no bacteria detected."
255,2024-09-20T01:49:19,Farm Fresh,Raw Milk,2403.15,Liters,Failed,"Detected contaminants, batch returned."
256,2024-06-04T00:29:48,Valley Dairy,Raw Milk,7578.83,Liters,Failed,"High quality milk, no bacteria detected."
257,2024-08-24T22:11:05,Dairy Farms Inc.,Raw Milk,16334.56,Liters,Failed,Consistent quality as previous shipments.
258,2024-07-13T18:34:44,Happy Cows,Raw Milk,6461.65,Liters,Failed,"High quality milk, no bacteria detected."
259,2024-05-06T06:29:29,Mountain Dairy,Skim Milk,12219.1,Liters,Passed,High bacterial count detected; returned to supplier.
260,2024-05-16T12:05:43,Green Valley Dairy,Skim Milk,13873.17,Liters,Failed,"Meets all quality standards, ready for processing."
261,2024-08-03T00:34:26,Green Valley Dairy,Other,5365.35,Liters,Failed,High bacterial count detected; returned to supplier.
262,2024-09-23T00:05:44,Sunshine Dairy,Raw Milk,9702.37,Liters,Passed,Consistent quality as previous shipments.
263,2024-07-18T16:23:54,Hillside Dairy,Other,-6206.34,Liters,Failed,"High quality milk, no bacteria detected."
264,2024-07-08T10:13:02,Country Milk,Raw Milk,4878.06,Liters,Failed,Consistent quality as previous shipments.
265,2024-06-21T16:27:55,Happy Cows,Skim Milk,8737.16,Liters,Failed,"Quality is good, within standards."
266,2024-09-02T08:49:04,Riverside Dairy,Raw Milk,3761.08,Liters,Passed,High bacterial count detected; returned to supplier.
267,2024-05-10T02:29:01,Country Milk,Raw Milk,18162.06,Liters,Failed,"Quality is good, within standards."
268,2024-08-08T00:52:32,Dairy Farms Inc.,Skim Milk,2849.29,Liters,Passed,Consistent quality as previous shipments.
269,2024-06-29T15:53:11,Happy Cows,Other,7799.78,Liters,Passed,Quality matches the standards set by the company.
270,2024-08-16T14:06:49,Green Valley Dairy,Skim Milk,10653.7,Liters,Passed,"Meets all quality standards, ready for processing."
271,2024-07-29T12:42:49,Hillside Dairy,Cream,17206.37,Liters,Failed,"Sample test passed, suitable for processing."
272,2024-10-03T12:35:13,Mountain Dairy,Skim Milk,2820.69,Liters,Failed,High bacterial count detected; returned to supplier.
273,2024-09-17T01:59:59,Green Valley Dairy,Cream,15815.82,Liters,Failed,"Detected contaminants, batch returned."
274,2024-09-18T00:29:41,Valley Dairy,Raw Milk,10051.17,Liters,Failed,"No issues, quality is within standards."
275,2024-05-27T00:47:59,Green Valley Dairy,Skim Milk,5092.46,Liters,Failed,"No anomalies, quality is consistent."
276,2024-04-23T04:27:18,Sunny Meadows,Cream,12310.52,Liters,Failed,High bacterial count detected; returned to supplier.
277,2024-05-19T13:11:01,Sunshine Dairy,Raw Milk,10995.3,Liters,Passed,"Detected contaminants, batch returned."
278,2024-06-02T18:35:30,Country Milk,Other,6998.92,Liters,Failed,"No anomalies, quality is consistent."
279,2024-05-22T13:34:49,Farm Fresh,Skim Milk,10349.01,Liters,Failed,"Meets all quality standards, ready for processing."
280,2024-08-15T18:36:15,Mountain Dairy,Raw Milk,8073.43,Liters,Passed,"Quality is good, within standards."
281,2024-09-15T11:55:33,Valley Dairy,Raw Milk,10567.59,Liters,Passed,Quality matches the standards set by the company.
282,2024-07-17T01:03:22,Happy Cows,Other,13310.65,Liters,Failed,"Meets all quality standards, ready for processing."
283,2024-07-16T20:04:30,Country Milk,Skim Milk,17930.08,Liters,Passed,"Detected contaminants, batch returned."
284,2024-05-14T02:25:40,Farm Fresh,Other,3810.92,Liters,Passed,Quality matches the standards set by the company.
285,2024-08-31T16:43:28,Happy Cows,Other,20665.17,Liters,Failed,"No issues, quality is within standards."
286,2024-06-03T19:41:25,Country Milk,Raw Milk,239.56,Liters,Passed,"Sample test passed, suitable for processing."
287,2024-06-19T12:42:57,Hillside Dairy,Cream,9241.07,Liters,Failed,Quality matches the standards set by the company.
288,2024-06-24T17:09:39,Mountain Dairy,Raw Milk,12941.59,Liters,Failed,Consistent quality as previous shipments.
289,2024-05-26T02:47:49,Sunny Meadows,Other,11404.96,Liters,Passed,"Detected contaminants, batch returned."
290,2024-08-08T11:50:25,Happy Cows,Skim Milk,6886.5,Liters,Passed,Consistent quality as previous shipments.
291,2024-10-06T08:06:46,Sunshine Dairy,Raw Milk,8959.39,Liters,Failed,"No issues, quality is within standards."
292,2024-07-20T06:36:36,Mountain Dairy,Skim Milk,7535.0,Liters,Failed,"Meets all quality standards, ready for processing."
293,2024-07-09T12:44:50,Sunshine Dairy,Other,7053.18,Liters,Failed,High bacterial count detected; returned to supplier.
294,2024-07-09T15:35:14,Dairy Farms Inc.,Skim Milk,14248.01,Liters,Passed,"Meets all quality standards, ready for processing."
295,2024-07-20T08:12:25,Sunshine Dairy,Skim Milk,11785.08,Liters,Passed,Consistent quality as previous shipments.
296,2024-10-02T23:34:56,Mountain Dairy,Cream,6535.45,Liters,Failed,"Meets all quality standards, ready for processing."
297,2024-07-08T18:13:53,Highland Farms,Raw Milk,14498.0,Liters,Failed,Quality matches the standards set by the company.
298,2024-09-13T19:42:08,Farm Fresh,Cream,11536.5,Liters,Failed,"Quality is good, within standards."
299,2024-05-06T19:57:13,Highland Farms,Raw Milk,14064.31,Liters,Passed,"No anomalies, quality is consistent."
300,2024-06-29T04:14:36,Sunshine Dairy,Cream,13148.14,Liters,Passed,High bacterial count detected; returned to supplier.
301,2024-05-20T10:28:46,Green Valley Dairy,Cream,5855.02,Liters,Passed,"Meets all quality standards, ready for processing."
302,2024-05-21T16:25:29,Happy Cows,Raw Milk,7199.09,Liters,Passed,"High quality milk, no bacteria detected."
303,2024-07-21T02:10:40,Valley Dairy,Other,13736.47,Liters,Failed,"No anomalies, quality is consistent."
304,2024-05-21T07:30:44,Riverside Dairy,Raw Milk,13051.85,Liters,Failed,"High quality milk, no bacteria detected."
305,2024-08-22T14:28:04,Green Valley Dairy,Skim Milk,9895.49,Liters,Passed,"No anomalies, quality is consistent."
306,2024-07-29T12:21:40,Mountain Dairy,Skim Milk,10586.64,Liters,Failed,"High quality milk, no bacteria detected."
307,2024-04-29T07:15:44,Dairy Farms Inc.,Skim Milk,16388.32,Liters,Failed,High bacterial count detected; returned to supplier.
308,2024-08-25T04:21:48,Mountain Dairy,Other,7042.14,Liters,Failed,"Meets all quality standards, ready for processing."
309,2024-08-07T15:18:05,Sunshine Dairy,Raw Milk,12735.49,Liters,Failed,"Meets all quality standards, ready for processing."
310,2024-08-26T13:46:57,Hillside Dairy,Skim Milk,8989.04,Liters,Failed,"Detected contaminants, batch returned."
311,2024-05-21T07:03:48,Dairy Farms Inc.,Other,8911.59,Liters,Passed,"No anomalies, quality is consistent."
312,2024-09-07T16:57:06,Mountain Dairy,Cream,15493.88,Liters,Passed,"Sample test passed, suitable for processing."
313,2024-09-06T09:45:22,Riverside Dairy,Other,14127.08,Liters,Passed,"No anomalies, quality is consistent."
314,2024-07-03T09:36:58,Green Valley Dairy,Other,14067.55,Liters,Failed,"No anomalies, quality is consistent."
315,2024-08-31T19:53:33,Valley Dairy,Raw Milk,16527.39,Liters,Failed,High bacterial count detected; returned to supplier.
316,2024-06-25T00:28:13,Mountain Dairy,Other,10105.02,Liters,Failed,Quality matches the standards set by the company.
317,2024-09-09T12:50:35,Happy Cows,Cream,13409.76,Liters,Failed,High bacterial count detected; returned to supplier.
318,2024-08-13T03:45:46,Happy Cows,Cream,8448.67,Liters,Failed,Quality matches the standards set by the company.
319,2024-08-27T09:26:11,Sunshine Dairy,Other,11620.83,Liters,Passed,"Meets all quality standards, ready for processing."
320,2024-09-06T15:24:21,Mountain Dairy,Skim Milk,9349.28,Liters,Failed,"No anomalies, quality is consistent."
321,2024-09-26T21:42:56,Sunny Meadows,Raw Milk,10484.98,Liters,Failed,"Detected contaminants, batch returned."
322,2024-07-01T06:14:28,Dairy Farms Inc.,Skim Milk,12975.79,Liters,Failed,"Quality is good, within standards."
323,2024-06-02T14:12:36,Farm Fresh,Other,5908.9,Liters,Passed,"Sample test passed, suitable for processing."
324,2024-05-18T17:06:03,Sunny Meadows,Raw Milk,20461.94,Liters,Failed,High bacterial count detected; returned to supplier.
325,2024-07-29T14:00:19,Highland Farms,Raw Milk,4969.91,Liters,Failed,"Meets all quality standards, ready for processing."
326,2024-05-17T10:43:58,Valley Dairy,Other,3929.06,Liters,Passed,"Quality is good, within standards."
327,2024-05-27T02:48:11,Sunshine Dairy,Cream,15790.55,Liters,Failed,"No issues, quality is within standards."
328,2024-07-10T18:44:23,Farm Fresh,Cream,13958.31,Liters,Failed,"Meets all quality standards, ready for processing."
329,2024-06-16T07:51:37,Sunshine Dairy,Other,13120.6,Liters,Passed,"Detected contaminants, batch returned."
330,2024-06-07T10:36:21,Green Valley Dairy,Other,13141.73,Liters,Passed,"No anomalies, quality is consistent."
331,2024-08-31T17:08:20,Valley Dairy,Other,9938.77,Liters,Failed,Quality matches the standards set by the company.
332,2024-09-20T02:19:15,Country Milk,Other,5513.73,Liters,Passed,"Sample test passed, suitable for processing."
333,2024-09-24T14:08:19,Valley Dairy,Cream,10379.02,Liters,Failed,"No issues, quality is within standards."
334,2024-08-24T12:06:39,Riverside Dairy,Skim Milk,6614.19,Liters,Passed,"Detected contaminants, batch returned."
335,2024-10-04T06:43:16,Mountain Dairy,Skim Milk,14875.6,Liters,Passed,"Quality is good, within standards."
336,2024-06-13T23:17:58,Riverside Dairy,Cream,9264.71,Liters,Failed,High bacterial count detected; returned to supplier.
337,2024-10-15T19:15:38,Hillside Dairy,Other,5872.51,Liters,Failed,"No issues, quality is within standards."
338,2024-07-11T13:33:35,Dairy Farms Inc.,Other,8393.07,Liters,Failed,"Sample test passed, suitable for processing."
339,2024-07-05T23:39:52,Mountain Dairy,Skim Milk,12064.66,Liters,Passed,"No issues, quality is within standards."
340,2024-06-22T21:10:44,Mountain Dairy,Skim Milk,7181.38,Liters,Passed,"Quality is good, within standards."
341,2024-04-29T10:30:20,Green Valley Dairy,Other,5888.9,Liters,Passed,"High quality milk, no bacteria detected."
342,2024-07-18T02:38:03,Valley Dairy,Raw Milk,11218.44,Liters,Passed,"No issues, quality is within standards."
343,2024-06-10T16:41:31,Hillside Dairy,Cream,11224.83,Liters,Failed,High bacterial count detected; returned to supplier.
344,2024-09-19T17:13:35,Green Valley Dairy,Cream,7465.28,Liters,Failed,High bacterial count detected; returned to supplier.
345,2024-05-01T06:31:42,Hillside Dairy,Other,7644.81,Liters,Failed,High bacterial count detected; returned to supplier.
346,2024-05-13T12:38:06,Riverside Dairy,Raw Milk,11160.25,Liters,Passed,"Quality is good, within standards."
347,2024-06-17T13:25:33,Country Milk,Raw Milk,2759.58,Liters,Failed,"Sample test passed, suitable for processing."
348,2024-08-10T19:29:08,Country Milk,Cream,2962.68,Liters,Passed,"Detected contaminants, batch returned."
349,2024-07-01T00:32:07,Mountain Dairy,Raw Milk,6407.78,Liters,Failed,"High quality milk, no bacteria detected."
350,2024-04-30T10:53:06,Happy Cows,Other,8932.76,Liters,Failed,Quality matches the standards set by the company.
351,2024-09-14T02:44:51,Dairy Farms Inc.,Skim Milk,11554.54,Liters,Passed,"No anomalies, quality is consistent."
352,2024-06-07T19:43:41,Sunshine Dairy,Raw Milk,17376.78,Liters,Failed,"Quality is good, within standards."
353,2024-04-30T14:37:09,Farm Fresh,Skim Milk,14288.3,Liters,Passed,"High quality milk, no bacteria detected."
354,2024-09-04T00:44:55,Riverside Dairy,Cream,9200.31,Liters,Passed,High bacterial count detected; returned to supplier.
355,2024-09-08T01:00:42,Riverside Dairy,Raw Milk,9904.92,Liters,Failed,"Sample test passed, suitable for processing."
356,2024-04-30T12:09:07,Hillside Dairy,Raw Milk,4987.35,Liters,Failed,Quality matches the standards set by the company.
357,2024-07-31T01:51:41,Country Milk,Other,9907.43,Liters,Failed,"No issues, quality is within standards."
358,2024-09-15T06:35:24,Happy Cows,Cream,8556.71,Liters,Failed,"No anomalies, quality is consistent."
359,2024-10-06T09:51:24,Dairy Farms Inc.,Skim Milk,11613.59,Liters,Failed,High bacterial count detected; returned to supplier.
360,2024-09-24T05:12:20,Farm Fresh,Other,5863.85,Liters,Failed,"High quality milk, no bacteria detected."
361,2024-10-12T17:18:46,Country Milk,Skim Milk,12596.73,Liters,Passed,"High quality milk, no bacteria detected."
362,2024-09-03T09:16:22,Riverside Dairy,Skim Milk,17663.69,Liters,Failed,High bacterial count detected; returned to supplier.
363,2024-09-10T04:26:40,Country Milk,Raw Milk,9456.2,Liters,Failed,"Meets all quality standards, ready for processing."
364,2024-09-28T16:23:17,Sunny Meadows,Skim Milk,12008.56,Liters,Failed,High bacterial count detected; returned to supplier.
365,2024-05-07T13:08:53,Farm Fresh,Skim Milk,13450.72,Liters,Failed,"High quality milk, no bacteria detected."
366,2024-08-17T00:25:13,Sunshine Dairy,Other,7993.9,Liters,Passed,"High quality milk, no bacteria detected."
367,2024-06-29T06:19:39,Riverside Dairy,Raw Milk,11120.46,Liters,Failed,"Meets all quality standards, ready for processing."
368,2024-07-15T10:58:10,Green Valley Dairy,Raw Milk,10062.96,Liters,Passed,Consistent quality as previous shipments.
369,2024-07-01T13:09:09,Highland Farms,Cream,10488.38,Liters,Passed,"Quality is good, within standards."
370,2024-10-03T19:05:08,Valley Dairy,Other,6134.95,Liters,Passed,"Quality is good, within standards."
371,2024-05-05T01:19:48,Hillside Dairy,Skim Milk,10122.55,Liters,Failed,Consistent quality as previous shipments.
372,2024-08-10T03:33:05,Dairy Farms Inc.,Cream,12489.99,Liters,Failed,"No anomalies, quality is consistent."
373,2024-07-03T05:42:28,Riverside Dairy,Raw Milk,17255.72,Liters,Passed,"Detected contaminants, batch returned."
374,2024-07-02T06:06:38,Country Milk,Skim Milk,14796.35,Liters,Failed,"Sample test passed, suitable for processing."
375,2024-05-14T00:42:31,Dairy Farms Inc.,Cream,20765.91,Liters,Failed,"Detected contaminants, batch returned."
376,2024-07-06T03:29:30,Highland Farms,Raw Milk,6163.26,Liters,Failed,Quality matches the standards set by the company.
377,2024-09-05T17:03:14,Riverside Dairy,Cream,14361.6,Liters,Failed,"High quality milk, no bacteria detected."
378,2024-05-30T20:53:55,Mountain Dairy,Cream,10916.71,Liters,Passed,"High quality milk, no bacteria detected."
379,2024-05-25T12:38:13,Sunshine Dairy,Other,20949.01,Liters,Passed,"No anomalies, quality is consistent."
380,2024-08-29T16:21:32,Farm Fresh,Raw Milk,5958.51,Liters,Failed,Quality matches the standards set by the company.
381,2024-10-04T07:38:05,Sunny Meadows,Cream,5801.39,Liters,Failed,"Detected contaminants, batch returned."
382,2024-06-04T13:02:30,Mountain Dairy,Cream,7003.04,Liters,Passed,"Sample test passed, suitable for processing."
383,2024-09-22T11:24:19,Riverside Dairy,Raw Milk,-619.48,Liters,Failed,"Detected contaminants, batch returned."
384,2024-08-11T03:00:21,Farm Fresh,Other,7371.22,Liters,Passed,"Meets all quality standards, ready for processing."
385,2024-10-10T16:53:13,Mountain Dairy,Raw Milk,6204.34,Liters,Failed,Consistent quality as previous shipments.
386,2024-09-08T05:09:09,Sunshine Dairy,Other,10751.97,Liters,Failed,Consistent quality as previous shipments.
387,2024-09-28T21:02:22,Valley Dairy,Raw Milk,11708.78,Liters,Passed,"No anomalies, quality is consistent."
388,2024-08-24T17:30:53,Mountain Dairy,Other,19380.85,Liters,Failed,"Detected contaminants, batch returned."
389,2024-06-27T21:33:18,Sunny Meadows,Cream,14752.12,Liters,Passed,Consistent quality as previous shipments.
390,2024-07-28T15:30:54,Dairy Farms Inc.,Raw Milk,7115.48,Liters,Passed,Quality matches the standards set by the company.
391,2024-05-23T23:21:27,Sunny Meadows,Skim Milk,5507.93,Liters,Passed,"No anomalies, quality is consistent."
392,2024-07-31T18:14:20,Green Valley Dairy,Raw Milk,12459.6,Liters,Failed,"Sample test passed, suitable for processing."
393,2024-08-23T07:34:49,Highland Farms,Skim Milk,3398.83,Liters,Passed,Quality matches the standards set by the company.
394,2024-08-19T07:26:35,Highland Farms,Raw Milk,19157.29,Liters,Passed,"Meets all quality standards, ready for processing."
395,2024-08-12T18:00:31,Sunny Meadows,Cream,15897.2,Liters,Failed,"Meets all quality standards, ready for processing."
396,2024-04-29T23:58:45,Dairy Farms Inc.,Raw Milk,7654.12,Liters,Passed,"Meets all quality standards, ready for processing."
397,2024-06-12T09:23:09,Happy Cows,Cream,1434.33,Liters,Failed,"Meets all quality standards, ready for processing."
398,2024-08-24T01:54:53,Dairy Farms Inc.,Other,16769.36,Liters,Failed,Quality matches the standards set by the company.
399,2024-07-24T18:41:09,Hillside Dairy,Other,9427.3,Liters,Failed,"High quality milk, no bacteria detected."
400,2024-05-06T04:04:44,Sunshine Dairy,Raw Milk,16189.08,Liters,Passed,"High quality milk, no bacteria detected."
401,2024-07-11T16:56:15,Riverside Dairy,Other,2027.86,Liters,Passed,"No anomalies, quality is consistent."
402,2024-08-17T19:14:30,Sunny Meadows,Skim Milk,7003.12,Liters,Failed,"No anomalies, quality is consistent."
403,2024-07-08T10:09:14,Sunny Meadows,Skim Milk,10026.22,Liters,Passed,"No anomalies, quality is consistent."
404,2024-06-07T22:34:48,Riverside Dairy,Raw Milk,10234.9,Liters,Failed,"High quality milk, no bacteria detected."
405,2024-06-09T03:23:08,Sunny Meadows,Raw Milk,7749.67,Liters,Passed,Quality matches the standards set by the company.
406,2024-07-05T14:16:04,Valley Dairy,Other,13114.25,Liters,Passed,"Quality is good, within standards."
407,2024-09-26T23:04:53,Farm Fresh,Skim Milk,4661.9,Liters,Passed,"Quality is good, within standards."
408,2024-07-27T18:05:08,Highland Farms,Other,9288.1,Liters,Failed,Quality matches the standards set by the company.
409,2024-07-27T13:54:48,Dairy Farms Inc.,Raw Milk,10601.48,Liters,Failed,"Detected contaminants, batch returned."
410,2024-07-19T18:50:57,Hillside Dairy,Cream,12572.19,Liters,Failed,"No issues, quality is within standards."
411,2024-05-01T19:32:07,Green Valley Dairy,Other,13558.07,Liters,Failed,Quality matches the standards set by the company.
412,2024-08-04T05:09:36,Dairy Farms Inc.,Raw Milk,4376.79,Liters,Failed,"Quality is good, within standards."
413,2024-10-10T08:32:30,Green Valley Dairy,Skim Milk,2329.43,Liters,Failed,"No anomalies, quality is consistent."
414,2024-04-30T18:50:41,Country Milk,Raw Milk,16388.38,Liters,Passed,"No anomalies, quality is consistent."
415,2024-08-07T10:12:20,Green Valley Dairy,Raw Milk,11661.57,Liters,Failed,"Detected contaminants, batch returned."
416,2024-07-18T10:48:12,Highland Farms,Skim Milk,6257.57,Liters,Passed,"Quality is good, within standards."
417,2024-05-10T18:34:06,Country Milk,Skim Milk,17755.76,Liters,Failed,"Detected contaminants, batch returned."
418,2024-07-01T23:50:57,Sunny Meadows,Cream,10578.37,Liters,Failed,"Detected contaminants, batch returned."
419,2024-04-29T19:36:05,Dairy Farms Inc.,Raw Milk,15896.49,Liters,Passed,"No anomalies, quality is consistent."
420,2024-09-25T02:45:08,Riverside Dairy,Other,10337.59,Liters,Passed,"Meets all quality standards, ready for processing."
421,2024-10-12T10:17:43,Highland Farms,Cream,20303.74,Liters,Failed,"Meets all quality standards, ready for processing."
422,2024-06-22T20:27:27,Sunny Meadows,Other,18776.7,Liters,Failed,"Meets all quality standards, ready for processing."
423,2024-06-26T07:36:50,Highland Farms,Other,8755.18,Liters,Failed,"High quality milk, no bacteria detected."
424,2024-09-27T09:39:54,Dairy Farms Inc.,Skim Milk,14857.85,Liters,Failed,High bacterial count detected; returned to supplier.
425,2024-07-11T21:13:06,Valley Dairy,Skim Milk,13226.88,Liters,Passed,"Meets all quality standards, ready for processing."
426,2024-07-23T03:45:02,Green Valley Dairy,Cream,16843.16,Liters,Passed,"Meets all quality standards, ready for processing."
427,2024-07-24T07:03:13,Sunny Meadows,Other,5175.38,Liters,Passed,"Sample test passed, suitable for processing."
428,2024-04-28T03:07:45,Valley Dairy,Raw Milk,13430.26,Liters,Passed,"No issues, quality is within standards."
429,2024-07-16T15:23:19,Farm Fresh,Other,15292.12,Liters,Passed,Consistent quality as previous shipments.
430,2024-09-03T01:57:52,Hillside Dairy,Other,1206.3,Liters,Failed,"No issues, quality is within standards."
431,2024-09-06T01:09:03,Sunny Meadows,Cream,4083.71,Liters,Failed,"High quality milk, no bacteria detected."
432,2024-08-02T00:54:03,Country Milk,Skim Milk,-196.16,Liters,Passed,"High quality milk, no bacteria detected."
433,2024-10-16T02:48:24,Highland Farms,Skim Milk,8652.97,Liters,Failed,Quality matches the standards set by the company.
434,2024-08-18T11:09:46,Riverside Dairy,Cream,13587.71,Liters,Passed,Quality matches the standards set by the company.
435,2024-08-08T08:52:20,Green Valley Dairy,Cream,17511.79,Liters,Failed,Quality matches the standards set by the company.
436,2024-09-05T21:04:35,Hillside Dairy,Other,10370.47,Liters,Failed,"High quality milk, no bacteria detected."
437,2024-06-28T17:32:26,Highland Farms,Skim Milk,18143.08,Liters,Failed,High bacterial count detected; returned to supplier.
438,2024-08-11T08:35:44,Happy Cows,Other,3099.49,Liters,Failed,"No anomalies, quality is consistent."
439,2024-09-19T02:44:27,Sunny Meadows,Skim Milk,1483.09,Liters,Passed,Quality matches the standards set by the company.
440,2024-09-07T16:08:22,Mountain Dairy,Skim Milk,9722.26,Liters,Failed,Quality matches the standards set by the company.
441,2024-09-14T02:50:59,Riverside Dairy,Cream,11920.33,Liters,Passed,"Detected contaminants, batch returned."
442,2024-06-13T15:34:12,Highland Farms,Skim Milk,9836.53,Liters,Passed,High bacterial count detected; returned to supplier.
443,2024-08-19T13:15:46,Sunshine Dairy,Cream,-337.21,Liters,Passed,"No issues, quality is within standards."
444,2024-08-30T01:39:09,Highland Farms,Cream,9554.4,Liters,Passed,"No issues, quality is within standards."
445,2024-05-11T10:57:22,Country Milk,Skim Milk,3477.65,Liters,Failed,High bacterial count detected; returned to supplier.
446,2024-09-01T06:35:05,Sunny Meadows,Raw Milk,13348.36,Liters,Passed,Consistent quality as previous shipments.
447,2024-08-26T18:42:03,Riverside Dairy,Other,11832.99,Liters,Passed,Quality matches the standards set by the company.
448,2024-06-23T08:44:59,Green Valley Dairy,Raw Milk,5300.6,Liters,Passed,"Meets all quality standards, ready for processing."
449,2024-06-06T02:13:28,Highland Farms,Raw Milk,7430.67,Liters,Passed,Consistent quality as previous shipments.
450,2024-10-10T07:33:34,Sunny Meadows,Raw Milk,4703.93,Liters,Failed,"High quality milk, no bacteria detected."
451,2024-05-28T04:16:30,Sunshine Dairy,Skim Milk,9686.6,Liters,Passed,"No issues, quality is within standards."
452,2024-06-18T22:36:30,Valley Dairy,Raw Milk,14775.71,Liters,Failed,Quality matches the standards set by the company.
453,2024-07-19T05:25:12,Happy Cows,Other,5071.37,Liters,Passed,"Detected contaminants, batch returned."
454,2024-07-21T21:08:05,Green Valley Dairy,Cream,12520.23,Liters,Passed,"No anomalies, quality is consistent."
455,2024-05-23T13:16:41,Sunshine Dairy,Other,7348.71,Liters,Failed,"Quality is good, within standards."
456,2024-04-24T17:38:13,Sunshine Dairy,Skim Milk,6035.64,Liters,Failed,"Meets all quality standards, ready for processing."
457,2024-08-30T22:56:13,Hillside Dairy,Cream,9464.85,Liters,Failed,Consistent quality as previous shipments.
458,2024-07-31T01:22:54,Farm Fresh,Raw Milk,4823.79,Liters,Failed,High bacterial count detected; returned to supplier.
459,2024-05-27T21:08:34,Sunny Meadows,Other,7231.75,Liters,Failed,"Sample test passed, suitable for processing."
460,2024-04-23T07:49:50,Green Valley Dairy,Other,4010.61,Liters,Passed,"High quality milk, no bacteria detected."
461,2024-09-15T08:45:38,Green Valley Dairy,Skim Milk,19823.63,Liters,Failed,"Meets all quality standards, ready for processing."
462,2024-09-09T08:52:36,Valley Dairy,Raw Milk,10176.32,Liters,Failed,"No anomalies, quality is consistent."
463,2024-09-03T12:32:08,Hillside Dairy,Raw Milk,6501.37,Liters,Passed,"High quality milk, no bacteria detected."
464,2024-06-20T13:49:16,Sunny Meadows,Other,11069.9,Liters,Failed,High bacterial count detected; returned to supplier.
465,2024-08-24T00:36:37,Green Valley Dairy,Skim Milk,9438.36,Liters,Passed,"Sample test passed, suitable for processing."
466,2024-05-17T22:28:32,Riverside Dairy,Cream,8895.15,Liters,Failed,"Meets all quality standards, ready for processing."
467,2024-07-03T13:13:04,Country Milk,Other,13070.83,Liters,Passed,"Sample test passed, suitable for processing."
468,2024-09-01T02:37:23,Valley Dairy,Raw Milk,13787.54,Liters,Failed,"Detected contaminants, batch returned."
469,2024-09-05T15:47:16,Farm Fresh,Raw Milk,7347.49,Liters,Passed,"No issues, quality is within standards."
470,2024-09-29T22:22:01,Highland Farms,Cream,7120.91,Liters,Passed,"Quality is good, within standards."
471,2024-06-24T17:08:20,Highland Farms,Other,8624.74,Liters,Passed,"Sample test passed, suitable for processing."
472,2024-09-08T05:04:47,Valley Dairy,Other,-1509.61,Liters,Passed,"Detected contaminants, batch returned."
473,2024-07-17T12:05:59,Dairy Farms Inc.,Other,2424.04,Liters,Passed,"Detected contaminants, batch returned."
474,2024-07-11T16:01:07,Riverside Dairy,Raw Milk,16834.37,Liters,Failed,Quality matches the standards set by the company.
475,2024-09-09T10:43:46,Dairy Farms Inc.,Other,18224.84,Liters,Failed,"No issues, quality is within standards."
476,2024-09-13T19:42:02,Hillside Dairy,Raw Milk,8754.82,Liters,Passed,Consistent quality as previous shipments.
477,2024-06-27T21:37:15,Sunshine Dairy,Raw Milk,12882.78,Liters,Passed,High bacterial count detected; returned to supplier.
478,2024-07-22T16:00:40,Dairy Farms Inc.,Skim Milk,11556.25,Liters,Failed,"Quality is good, within standards."
479,2024-09-18T07:40:10,Sunny Meadows,Other,25394.4,Liters,Failed,Consistent quality as previous shipments.
480,2024-07-18T02:20:04,Country Milk,Other,15597.87,Liters,Passed,"Detected contaminants, batch returned."
481,2024-05-17T19:46:38,Happy Cows,Skim Milk,9360.41,Liters,Passed,"Quality is good, within standards."
482,2024-08-04T07:48:21,Country Milk,Cream,5222.3,Liters,Passed,"No issues, quality is within standards."
483,2024-09-15T20:03:05,Dairy Farms Inc.,Skim Milk,1967.77,Liters,Failed,"Detected contaminants, batch returned."
484,2024-07-13T08:34:47,Highland Farms,Other,11017.32,Liters,Passed,"Sample test passed, suitable for processing."
485,2024-07-20T10:40:09,Farm Fresh,Cream,6218.25,Liters,Failed,"Sample test passed, suitable for processing."
486,2024-10-08T22:45:56,Sunshine Dairy,Raw Milk,2888.73,Liters,Passed,Consistent quality as previous shipments.
487,2024-08-19T09:44:59,Dairy Farms Inc.,Cream,6767.14,Liters,Passed,High bacterial count detected; returned to supplier.
488,2024-05-11T14:12:45,Valley Dairy,Raw Milk,4592.26,Liters,Failed,"Meets all quality standards, ready for processing."
489,2024-08-30T11:51:25,Sunshine Dairy,Raw Milk,18435.71,Liters,Passed,"No issues, quality is within standards."
490,2024-07-09T02:41:32,Riverside Dairy,Cream,14408.2,Liters,Passed,"No issues, quality is within standards."
491,2024-05-19T05:04:44,Highland Farms,Skim Milk,9960.14,Liters,Passed,"Meets all quality standards, ready for processing."
492,2024-06-22T22:11:56,Valley Dairy,Skim Milk,17399.72,Liters,Passed,Quality matches the standards set by the company.
493,2024-10-09T03:39:35,Sunny Meadows,Cream,10386.84,Liters,Failed,Quality matches the standards set by the company.
494,2024-06-14T10:18:36,Dairy Farms Inc.,Cream,5693.58,Liters,Failed,"Detected contaminants, batch returned."
495,2024-07-27T05:45:37,Dairy Farms Inc.,Skim Milk,17615.62,Liters,Failed,"Detected contaminants, batch returned."
496,2024-06-22T21:24:36,Sunshine Dairy,Other,12694.55,Liters,Failed,"Quality is good, within standards."
497,2024-06-19T05:34:54,Country Milk,Cream,4813.77,Liters,Failed,"Sample test passed, suitable for processing."
498,2024-10-03T22:12:56,Hillside Dairy,Skim Milk,9048.31,Liters,Passed,"High quality milk, no bacteria detected."
499,2024-10-16T15:00:10,Dairy Farms Inc.,Other,5621.91,Liters,Failed,"Detected contaminants, batch returned."
500,2024-08-02T21:56:27,Sunny Meadows,Other,3086.0,Liters,Passed,Quality matches the standards set by the company.
501,2024-05-31T11:37:04,Farm Fresh,Raw Milk,14630.89,Liters,Failed,"No anomalies, quality is consistent."
502,2024-05-09T22:54:48,Highland Farms,Cream,19547.08,Liters,Passed,Quality matches the standards set by the company.
503,2024-07-04T05:43:48,Happy Cows,Raw Milk,3007.16,Liters,Passed,"Sample test passed, suitable for processing."
504,2024-09-25T05:56:37,Valley Dairy,Cream,12814.85,Liters,Failed,"Sample test passed, suitable for processing."
505,2024-10-07T20:02:30,Farm Fresh,Skim Milk,6746.79,Liters,Passed,"Sample test passed, suitable for processing."
506,2024-05-28T21:34:28,Sunshine Dairy,Raw Milk,7564.37,Liters,Failed,"Sample test passed, suitable for processing."
507,2024-09-04T01:51:12,Valley Dairy,Cream,7038.03,Liters,Failed,"Sample test passed, suitable for processing."
508,2024-08-07T04:52:33,Farm Fresh,Skim Milk,5680.05,Liters,Failed,"High quality milk, no bacteria detected."
509,2024-08-03T14:59:23,Happy Cows,Skim Milk,10242.61,Liters,Failed,Quality matches the standards set by the company.
510,2024-06-30T20:03:55,Highland Farms,Other,5845.25,Liters,Failed,High bacterial count detected; returned to supplier.
511,2024-09-24T21:23:47,Sunshine Dairy,Other,11352.28,Liters,Failed,"Sample test passed, suitable for processing."
512,2024-07-02T23:36:36,Farm Fresh,Other,9748.81,Liters,Passed,"Meets all quality standards, ready for processing."
513,2024-10-06T18:55:38,Hillside Dairy,Cream,8805.26,Liters,Passed,Quality matches the standards set by the company.
514,2024-08-07T10:37:07,Valley Dairy,Other,5462.18,Liters,Failed,"Quality is good, within standards."
515,2024-05-30T02:19:11,Farm Fresh,Cream,7116.14,Liters,Failed,"Meets all quality standards, ready for processing."
516,2024-09-30T19:45:06,Hillside Dairy,Other,13776.96,Liters,Failed,Quality matches the standards set by the company.
517,2024-09-17T05:31:06,Riverside Dairy,Other,12504.59,Liters,Failed,"Quality is good, within standards."
518,2024-09-11T06:57:58,Farm Fresh,Cream,5112.22,Liters,Passed,"Detected contaminants, batch returned."
519,2024-07-25T19:43:08,Sunny Meadows,Raw Milk,10496.66,Liters,Passed,High bacterial count detected; returned to supplier.
520,2024-09-27T20:08:14,Happy Cows,Raw Milk,13756.94,Liters,Passed,Consistent quality as previous shipments.
521,2024-05-18T16:45:25,Happy Cows,Cream,1652.97,Liters,Passed,"Quality is good, within standards."
522,2024-04-23T18:36:08,Hillside Dairy,Other,12716.8,Liters,Failed,"No issues, quality is within standards."
523,2024-08-19T23:19:15,Happy Cows,Other,6686.88,Liters,Failed,"No issues, quality is within standards."
524,2024-04-23T06:48:56,Highland Farms,Other,12852.99,Liters,Passed,"No issues, quality is within standards."
525,2024-08-02T19:15:54,Sunshine Dairy,Skim Milk,6183.7,Liters,Failed,"No issues, quality is within standards."
526,2024-07-28T12:29:46,Sunshine Dairy,Other,975.59,Liters,Passed,High bacterial count detected; returned to supplier.
527,2024-10-17T06:25:03,Mountain Dairy,Cream,1862.29,Liters,Passed,"Sample test passed, suitable for processing."
528,2024-08-20T08:23:17,Highland Farms,Skim Milk,10240.42,Liters,Failed,Quality matches the standards set by the company.
529,2024-09-23T08:40:18,Country Milk,Raw Milk,11298.61,Liters,Failed,Consistent quality as previous shipments.
530,2024-07-20T03:05:04,Valley Dairy,Cream,5478.42,Liters,Passed,Quality matches the standards set by the company.
531,2024-09-01T19:51:54,Mountain Dairy,Raw Milk,13192.96,Liters,Passed,Consistent quality as previous shipments.
532,2024-07-04T15:29:54,Country Milk,Other,1692.4,Liters,Passed,"No issues, quality is within standards."
533,2024-09-05T11:29:44,Sunny Meadows,Raw Milk,9669.6,Liters,Failed,Consistent quality as previous shipments.
534,2024-08-25T05:29:08,Farm Fresh,Raw Milk,3944.92,Liters,Passed,"Sample test passed, suitable for processing."
535,2024-06-02T01:16:29,Sunshine Dairy,Other,6740.82,Liters,Failed,"No issues, quality is within standards."
536,2024-10-18T10:53:39,Mountain Dairy,Skim Milk,10236.99,Liters,Passed,"Quality is good, within standards."
537,2024-10-19T08:21:53,Farm Fresh,Raw Milk,5697.93,Liters,Passed,"Meets all quality standards, ready for processing."
538,2024-05-19T23:58:52,Sunshine Dairy,Other,8077.22,Liters,Passed,Quality matches the standards set by the company.
539,2024-05-23T13:04:22,Valley Dairy,Cream,15031.46,Liters,Failed,"Detected contaminants, batch returned."
540,2024-06-25T09:58:23,Country Milk,Cream,7115.54,Liters,Passed,"Detected contaminants, batch returned."
541,2024-09-13T18:04:45,Farm Fresh,Raw Milk,14178.46,Liters,Passed,Consistent quality as previous shipments.
542,2024-06-06T01:52:10,Mountain Dairy,Skim Milk,4351.47,Liters,Failed,"No anomalies, quality is consistent."
543,2024-04-27T18:03:56,Happy Cows,Skim Milk,12649.02,Liters,Failed,"High quality milk, no bacteria detected."
544,2024-06-05T07:12:07,Farm Fresh,Other,17207.84,Liters,Failed,"Quality is good, within standards."
545,2024-08-31T23:36:27,Valley Dairy,Other,-2358.22,Liters,Passed,"Meets all quality standards, ready for processing."
546,2024-06-18T08:34:05,Hillside Dairy,Raw Milk,6015.52,Liters,Passed,Quality matches the standards set by the company.
547,2024-05-21T22:43:18,Country Milk,Cream,12885.36,Liters,Failed,"No anomalies, quality is consistent."
548,2024-07-01T00:59:05,Mountain Dairy,Raw Milk,8984.77,Liters,Passed,Quality matches the standards set by the company.
549,2024-07-17T08:37:09,Farm Fresh,Skim Milk,11855.73,Liters,Passed,"Quality is good, within standards."
550,2024-05-08T22:50:04,Sunny Meadows,Other,6980.07,Liters,Failed,"Detected contaminants, batch returned."
551,2024-08-07T17:16:32,Highland Farms,Other,10432.95,Liters,Passed,"No issues, quality is within standards."
552,2024-05-09T09:39:14,Farm Fresh,Raw Milk,9221.61,Liters,Failed,Consistent quality as previous shipments.
553,2024-04-24T09:30:41,Green Valley Dairy,Other,15838.91,Liters,Failed,High bacterial count detected; returned to supplier.
554,2024-09-09T18:01:01,Highland Farms,Cream,11272.1,Liters,Passed,Consistent quality as previous shipments.
555,2024-05-24T21:56:07,Sunny Meadows,Skim Milk,11688.01,Liters,Failed,Quality matches the standards set by the company.
556,2024-07-26T18:07:26,Sunny Meadows,Raw Milk,7940.62,Liters,Passed,Consistent quality as previous shipments.
557,2024-06-14T14:04:31,Country Milk,Skim Milk,7561.97,Liters,Failed,High bacterial count detected; returned to supplier.
558,2024-07-01T02:57:50,Green Valley Dairy,Cream,7837.21,Liters,Failed,"Meets all quality standards, ready for processing."
559,2024-08-19T17:53:05,Hillside Dairy,Other,11972.26,Liters,Passed,"Quality is good, within standards."
560,2024-06-20T03:48:33,Dairy Farms Inc.,Other,7895.08,Liters,Failed,"Meets all quality standards, ready for processing."
561,2024-07-04T18:24:55,Farm Fresh,Other,11448.87,Liters,Failed,Consistent quality as previous shipments.
562,2024-09-27T08:23:28,Happy Cows,Cream,20377.0,Liters,Failed,"No anomalies, quality is consistent."
563,2024-08-17T03:10:05,Sunshine Dairy,Cream,14355.62,Liters,Failed,"No anomalies, quality is consistent."
564,2024-05-26T11:50:58,Country Milk,Skim Milk,8369.88,Liters,Failed,"High quality milk, no bacteria detected."
565,2024-08-11T19:47:31,Hillside Dairy,Skim Milk,16006.07,Liters,Failed,Quality matches the standards set by the company.
566,2024-09-27T13:08:24,Country Milk,Skim Milk,7959.62,Liters,Passed,"Meets all quality standards, ready for processing."
567,2024-05-30T19:08:08,Valley Dairy,Cream,-190.62,Liters,Passed,"High quality milk, no bacteria detected."
568,2024-09-06T13:13:47,Hillside Dairy,Other,4959.57,Liters,Failed,High bacterial count detected; returned to supplier.
569,2024-09-28T00:39:22,Country Milk,Other,646.04,Liters,Passed,Quality matches the standards set by the company.
570,2024-06-07T23:54:01,Green Valley Dairy,Cream,8242.43,Liters,Failed,Consistent quality as previous shipments.
571,2024-05-06T08:42:09,Riverside Dairy,Other,10092.09,Liters,Failed,"Detected contaminants, batch returned."
572,2024-07-29T08:59:09,Sunshine Dairy,Other,18382.19,Liters,Passed,"No anomalies, quality is consistent."
573,2024-09-05T05:51:09,Highland Farms,Raw Milk,11634.64,Liters,Passed,"Sample test passed, suitable for processing."
574,2024-08-27T16:38:44,Happy Cows,Skim Milk,8904.5,Liters,Passed,"Meets all quality standards, ready for processing."
575,2024-04-30T14:26:15,Valley Dairy,Other,14147.03,Liters,Failed,Consistent quality as previous shipments.
576,2024-05-12T13:44:14,Dairy Farms Inc.,Raw Milk,-1055.68,Liters,Failed,"Sample test passed, suitable for processing."
577,2024-07-30T03:55:25,Sunshine Dairy,Cream,11178.07,Liters,Failed,"No anomalies, quality is consistent."
578,2024-07-06T22:49:02,Riverside Dairy,Cream,13854.33,Liters,Failed,"No issues, quality is within standards."
579,2024-07-24T17:52:34,Mountain Dairy,Skim Milk,2607.07,Liters,Failed,High bacterial count detected; returned to supplier.
580,2024-05-14T12:55:20,Sunshine Dairy,Cream,15718.77,Liters,Failed,Quality matches the standards set by the company.
581,2024-06-27T14:48:23,Riverside Dairy,Cream,11692.48,Liters,Failed,"No anomalies, quality is consistent."
582,2024-07-23T11:04:41,Mountain Dairy,Other,7923.56,Liters,Failed,"No anomalies, quality is consistent."
583,2024-05-05T01:03:18,Green Valley Dairy,Raw Milk,13163.91,Liters,Passed,"No issues, quality is within standards."
584,2024-10-03T21:27:56,Farm Fresh,Raw Milk,21353.46,Liters,Passed,"Sample test passed, suitable for processing."
585,2024-07-31T04:42:21,Sunny Meadows,Cream,10909.33,Liters,Failed,"Detected contaminants, batch returned."
586,2024-07-13T19:01:31,Riverside Dairy,Cream,11241.1,Liters,Failed,"Quality is good, within standards."
587,2024-05-28T04:37:33,Happy Cows,Other,7703.2,Liters,Failed,"No issues, quality is within standards."
588,2024-09-12T04:28:43,Valley Dairy,Cream,5750.78,Liters,Failed,"Meets all quality standards, ready for processing."
589,2024-07-14T09:51:40,Country Milk,Raw Milk,14151.68,Liters,Passed,"Sample test passed, suitable for processing."
590,2024-06-15T01:10:51,Sunshine Dairy,Raw Milk,5719.58,Liters,Passed,"Detected contaminants, batch returned."
591,2024-05-28T07:17:45,Farm Fresh,Skim Milk,10357.83,Liters,Passed,"High quality milk, no bacteria detected."
592,2024-05-14T03:04:07,Green Valley Dairy,Other,7611.71,Liters,Failed,"Meets all quality standards, ready for processing."
593,2024-07-06T11:11:24,Valley Dairy,Other,12394.9,Liters,Passed,"No anomalies, quality is consistent."
594,2024-06-29T08:22:07,Riverside Dairy,Cream,11668.31,Liters,Failed,"Meets all quality standards, ready for processing."
595,2024-08-14T14:23:02,Mountain Dairy,Cream,15187.7,Liters,Failed,High bacterial count detected; returned to supplier.
596,2024-06-07T07:49:46,Green Valley Dairy,Raw Milk,7449.92,Liters,Passed,"No anomalies, quality is consistent."
597,2024-09-03T15:38:54,Sunny Meadows,Other,8650.63,Liters,Failed,"Meets all quality standards, ready for processing."
598,2024-05-18T18:30:29,Valley Dairy,Other,5106.18,Liters,Failed,"Quality is good, within standards."
599,2024-07-25T12:02:51,Happy Cows,Cream,7778.53,Liters,Passed,"High quality milk, no bacteria detected."
600,2024-06-17T02:04:03,Sunny Meadows,Cream,11886.5,Liters,Failed,"High quality milk, no bacteria detected."
601,2024-08-20T06:39:35,Dairy Farms Inc.,Skim Milk,13784.94,Liters,Passed,"High quality milk, no bacteria detected."
602,2024-05-18T12:17:52,Hillside Dairy,Other,5389.17,Liters,Failed,Consistent quality as previous shipments.
603,2024-09-01T22:55:03,Riverside Dairy,Other,14348.03,Liters,Failed,"High quality milk, no bacteria detected."
604,2024-05-24T11:27:27,Mountain Dairy,Raw Milk,16778.19,Liters,Passed,Quality matches the standards set by the company.
605,2024-04-28T08:22:12,Green Valley Dairy,Cream,12067.17,Liters,Failed,"Quality is good, within standards."
606,2024-09-20T14:30:46,Riverside Dairy,Other,19383.98,Liters,Passed,"Meets all quality standards, ready for processing."
607,2024-05-14T04:14:29,Green Valley Dairy,Skim Milk,6131.05,Liters,Passed,"High quality milk, no bacteria detected."
608,2024-08-06T02:11:26,Hillside Dairy,Other,3776.73,Liters,Passed,"Sample test passed, suitable for processing."
609,2024-06-18T19:25:27,Dairy Farms Inc.,Other,1106.4,Liters,Failed,"No anomalies, quality is consistent."
610,2024-10-06T10:08:29,Mountain Dairy,Other,17480.22,Liters,Passed,"Sample test passed, suitable for processing."
611,2024-06-01T18:06:11,Sunshine Dairy,Skim Milk,13271.83,Liters,Failed,"Quality is good, within standards."
612,2024-08-19T15:28:21,Sunny Meadows,Cream,9722.08,Liters,Passed,"No issues, quality is within standards."
613,2024-08-10T16:44:20,Farm Fresh,Skim Milk,11399.84,Liters,Passed,"No anomalies, quality is consistent."
614,2024-09-05T17:07:42,Green Valley Dairy,Skim Milk,4372.55,Liters,Failed,"Detected contaminants, batch returned."
615,2024-10-13T19:01:39,Happy Cows,Raw Milk,22228.76,Liters,Passed,Consistent quality as previous shipments.
616,2024-10-17T09:46:21,Dairy Farms Inc.,Skim Milk,10646.11,Liters,Passed,"Quality is good, within standards."
617,2024-06-09T11:34:49,Sunny Meadows,Skim Milk,10546.97,Liters,Passed,Consistent quality as previous shipments.
618,2024-07-26T01:02:34,Sunny Meadows,Skim Milk,13628.83,Liters,Failed,Consistent quality as previous shipments.
619,2024-07-18T18:26:02,Mountain Dairy,Raw Milk,12405.05,Liters,Failed,"Detected contaminants, batch returned."
620,2024-09-14T14:19:56,Green Valley Dairy,Skim Milk,11119.42,Liters,Failed,"High quality milk, no bacteria detected."
621,2024-06-24T13:16:42,Valley Dairy,Raw Milk,6047.63,Liters,Passed,"High quality milk, no bacteria detected."
622,2024-08-23T06:34:16,Happy Cows,Skim Milk,12357.34,Liters,Passed,"Detected contaminants, batch returned."
623,2024-07-08T05:29:25,Hillside Dairy,Other,19410.12,Liters,Passed,"High quality milk, no bacteria detected."
624,2024-06-13T03:28:20,Farm Fresh,Skim Milk,16727.1,Liters,Failed,"Detected contaminants, batch returned."
625,2024-08-12T05:21:57,Sunny Meadows,Other,17965.93,Liters,Failed,"No issues, quality is within standards."
626,2024-04-30T22:06:34,Mountain Dairy,Other,7443.92,Liters,Passed,High bacterial count detected; returned to supplier.
627,2024-10-19T11:28:16,Sunny Meadows,Other,5051.98,Liters,Failed,"No issues, quality is within standards."
628,2024-07-14T01:41:21,Hillside Dairy,Cream,9371.07,Liters,Failed,"Quality is good, within standards."
629,2024-10-08T19:06:29,Green Valley Dairy,Raw Milk,10278.62,Liters,Failed,Quality matches the standards set by the company.
630,2024-05-08T00:06:27,Farm Fresh,Cream,15470.96,Liters,Passed,Consistent quality as previous shipments.
631,2024-08-21T11:31:38,Green Valley Dairy,Cream,1537.68,Liters,Failed,High bacterial count detected; returned to supplier.
632,2024-09-05T15:28:14,Mountain Dairy,Raw Milk,17647.75,Liters,Passed,"High quality milk, no bacteria detected."
633,2024-05-07T03:13:14,Sunny Meadows,Cream,9209.96,Liters,Failed,"No issues, quality is within standards."
634,2024-04-23T13:34:27,Sunshine Dairy,Skim Milk,7865.59,Liters,Passed,Consistent quality as previous shipments.
635,2024-09-03T18:25:08,Sunny Meadows,Other,4939.48,Liters,Passed,"Sample test passed, suitable for processing."
636,2024-07-05T09:14:06,Mountain Dairy,Raw Milk,1725.72,Liters,Passed,"No anomalies, quality is consistent."
637,2024-07-02T08:57:41,Green Valley Dairy,Cream,14115.85,Liters,Failed,"Quality is good, within standards."
638,2024-08-24T13:57:41,Happy Cows,Cream,10366.59,Liters,Passed,"Detected contaminants, batch returned."
639,2024-08-09T09:07:38,Dairy Farms Inc.,Cream,3550.2,Liters,Failed,"No anomalies, quality is consistent."
640,2024-09-09T06:46:38,Hillside Dairy,Cream,3524.61,Liters,Failed,"Meets all quality standards, ready for processing."
641,2024-09-02T07:37:48,Riverside Dairy,Cream,8321.08,Liters,Passed,High bacterial count detected; returned to supplier.
642,2024-05-19T04:30:30,Mountain Dairy,Other,18345.11,Liters,Failed,Consistent quality as previous shipments.
643,2024-06-22T01:41:35,Sunny Meadows,Cream,8702.04,Liters,Failed,High bacterial count detected; returned to supplier.
644,2024-06-09T04:32:31,Highland Farms,Skim Milk,2484.29,Liters,Passed,Quality matches the standards set by the company.
645,2024-05-31T21:26:47,Highland Farms,Cream,8771.28,Liters,Failed,Quality matches the standards set by the company.
646,2024-08-25T11:22:09,Dairy Farms Inc.,Cream,8636.38,Liters,Failed,Consistent quality as previous shipments.
647,2024-05-13T21:25:24,Hillside Dairy,Other,-3484.43,Liters,Passed,"Detected contaminants, batch returned."
648,2024-10-11T13:45:23,Dairy Farms Inc.,Skim Milk,9728.53,Liters,Failed,"Quality is good, within standards."
649,2024-07-06T02:47:48,Valley Dairy,Other,8845.33,Liters,Failed,"Detected contaminants, batch returned."
650,2024-09-01T14:44:26,Sunny Meadows,Other,13481.03,Liters,Passed,"No issues, quality is within standards."
651,2024-08-14T01:18:44,Mountain Dairy,Raw Milk,19244.78,Liters,Failed,"Sample test passed, suitable for processing."
652,2024-04-29T17:36:23,Dairy Farms Inc.,Other,15632.83,Liters,Failed,"Detected contaminants, batch returned."
653,2024-09-17T22:59:30,Country Milk,Other,8655.56,Liters,Failed,High bacterial count detected; returned to supplier.
654,2024-08-24T09:07:12,Highland Farms,Cream,4467.37,Liters,Failed,High bacterial count detected; returned to supplier.
655,2024-06-21T04:16:14,Mountain Dairy,Cream,22866.8,Liters,Passed,"Detected contaminants, batch returned."
656,2024-06-24T10:46:00,Country Milk,Raw Milk,10296.09,Liters,Failed,Consistent quality as previous shipments.
657,2024-09-10T17:51:09,Hillside Dairy,Raw Milk,10069.65,Liters,Passed,High bacterial count detected; returned to supplier.
658,2024-10-18T13:04:39,Country Milk,Raw Milk,9879.37,Liters,Passed,High bacterial count detected.
659,2024-08-18T05:21:52,Dairy Farms Inc.,Skim Milk,10990.42,Liters,Passed,High bacterial count detected; returned to supplier.
660,2024-04-24T11:01:22,Sunshine Dairy,Cream,9278.2,Liters,Passed,"Quality is good, within standards."
661,2024-07-27T09:27:06,Farm Fresh,Skim Milk,7131.69,Liters,Passed,"No anomalies, quality is consistent."
662,2024-05-16T15:32:22,Sunshine Dairy,Skim Milk,7265.71,Liters,Passed,"No issues, quality is within standards."
663,2024-06-26T01:15:52,Country Milk,Skim Milk,9836.23,Liters,Passed,Quality matches the standards set by the company.
664,2024-09-07T07:40:00,Valley Dairy,Raw Milk,7282.88,Liters,Failed,"High quality milk, no bacteria detected."
665,2024-07-30T04:24:57,Farm Fresh,Raw Milk,6435.77,Liters,Failed,"Meets all quality standards, ready for processing."
666,2024-05-24T09:43:25,Farm Fresh,Cream,10532.15,Liters,Failed,High bacterial count detected; returned to supplier.
667,2024-10-12T15:35:34,Valley Dairy,Raw Milk,8725.11,Liters,Passed,"Detected contaminants, batch returned."
668,2024-04-22T11:58:12,Dairy Farms Inc.,Raw Milk,17519.96,Liters,Passed,"No issues, quality is within standards."
669,2024-07-22T14:34:56,Farm Fresh,Other,-3254.85,Liters,Passed,"Quality is good, within standards."
670,2024-10-19T19:31:13,Dairy Farms Inc.,Other,15457.53,Liters,Passed,"No anomalies, quality is consistent."
671,2024-06-09T04:59:25,Country Milk,Skim Milk,16230.43,Liters,Failed,High bacterial count detected; returned to supplier.
672,2024-08-10T23:33:02,Farm Fresh,Raw Milk,-366.95,Liters,Passed,"Quality is good, within standards."
673,2024-06-04T08:07:03,Highland Farms,Raw Milk,8286.56,Liters,Failed,High bacterial count detected; returned to supplier.
674,2024-10-09T07:04:31,Riverside Dairy,Skim Milk,8142.8,Liters,Failed,"No anomalies, quality is consistent."
675,2024-05-08T18:35:08,Highland Farms,Other,2962.44,Liters,Passed,"No anomalies, quality is consistent."
676,2024-05-30T23:11:43,Green Valley Dairy,Skim Milk,6110.92,Liters,Passed,"High quality milk, no bacteria detected."
677,2024-07-02T12:16:46,Valley Dairy,Other,4447.12,Liters,Passed,"Detected contaminants, batch returned."
678,2024-09-16T16:06:14,Hillside Dairy,Cream,18761.35,Liters,Passed,Consistent quality as previous shipments.
679,2024-04-26T15:25:47,Hillside Dairy,Skim Milk,14678.39,Liters,Passed,"No anomalies, quality is consistent."
680,2024-04-22T06:48:48,Happy Cows,Other,16357.78,Liters,Failed,High bacterial count detected; returned to supplier.
681,2024-05-31T20:16:30,Highland Farms,Cream,13608.36,Liters,Failed,"High quality milk, no bacteria detected."
682,2024-05-03T15:07:52,Sunny Meadows,Skim Milk,4354.74,Liters,Passed,"No issues, quality is within standards."
683,2024-10-17T21:26:59,Hillside Dairy,Other,7377.4,Liters,Failed,"High quality milk, no bacteria detected."
684,2024-09-14T05:27:49,Mountain Dairy,Raw Milk,12446.87,Liters,Passed,Consistent quality as previous shipments.
685,2024-05-06T12:44:07,Valley Dairy,Raw Milk,3889.36,Liters,Failed,"Quality is good, within standards."
686,2024-06-06T23:26:10,Green Valley Dairy,Skim Milk,13564.99,Liters,Failed,Consistent quality as previous shipments.
687,2024-09-05T01:37:04,Sunshine Dairy,Skim Milk,8798.37,Liters,Failed,"High quality milk, no bacteria detected."
688,2024-06-13T19:24:22,Hillside Dairy,Raw Milk,8125.9,Liters,Passed,"Quality is good, within standards."
689,2024-09-20T10:46:11,Valley Dairy,Raw Milk,13554.8,Liters,Passed,High bacterial count detected; returned to supplier.
690,2024-05-23T22:02:34,Riverside Dairy,Other,12221.32,Liters,Failed,Consistent quality as previous shipments.
691,2024-05-15T10:40:26,Highland Farms,Skim Milk,8195.17,Liters,Passed,"High quality milk, no bacteria detected."
692,2024-06-20T20:49:05,Riverside Dairy,Skim Milk,15796.65,Liters,Passed,High bacterial count detected; returned to supplier.
693,2024-05-22T14:32:27,Happy Cows,Skim Milk,4594.68,Liters,Passed,"Sample test passed, suitable for processing."
694,2024-10-01T07:41:30,Farm Fresh,Cream,13079.68,Liters,Passed,"Sample test passed, suitable for processing."
695,2024-06-30T01:52:53,Country Milk,Raw Milk,12965.51,Liters,Failed,Quality matches the standards set by the company.
696,2024-09-28T05:53:40,Sunny Meadows,Raw Milk,8452.27,Liters,Failed,"High quality milk, no bacteria detected."
697,2024-08-07T22:55:56,Sunshine Dairy,Cream,11630.67,Liters,Passed,"High quality milk, no bacteria detected."
698,2024-05-11T18:55:21,Sunny Meadows,Raw Milk,3744.43,Liters,Passed,"No issues, quality is within standards."
699,2024-09-30T05:48:55,Hillside Dairy,Cream,14620.14,Liters,Passed,Consistent quality as previous shipments.
700,2024-07-03T06:45:46,Happy Cows,Raw Milk,9075.49,Liters,Failed,High bacterial count detected; returned to supplier.
