log_id,shift_date,shift_number,operator_name,log_entry
1,2024-04-26,2,John Doe,Afternoon shift: Routine operations performed. No significant issues reported.
2,2024-10-22,2,Jane Smith,Afternoon shift: Routine operations performed. No significant issues reported.
3,2024-07-14,2,Jane Smith,Afternoon shift: Routine operations performed. No significant issues reported.
4,2024-10-01,2,Jane Smith,Afternoon shift: Routine operations performed. No significant issues reported.
5,2024-04-07,3,Mike Johnson,Night shift: Routine operations performed. No significant issues reported.
6,2024-02-29,3,Sarah Brown,Night shift: Routine operations performed. No significant issues reported.
7,2024-06-03,3,Sarah Brown,Night shift: Routine operations performed. No significant issues reported.
8,2024-04-03,3,Mike Johnson,Night shift: Routine operations performed. No significant issues reported.
9,2024-08-24,1,John Doe,Morning shift: Routine operations performed. No significant issues reported.
10,2024-02-23,1,John Doe,Morning shift: Routine operations performed. No significant issues reported.
11,2024-05-16,3,Sarah Brown,Night shift: Routine operations performed. No significant issues reported.
12,2024-03-14,1,Sarah Brown,Morning shift: Routine operations performed. No significant issues reported.
13,2024-04-17,1,John Doe,Morning shift: Routine operations performed. No significant issues reported.
14,2024-11-05,1,Jane Smith,Morning shift: Routine operations performed. No significant issues reported.
15,2024-09-19,3,Sarah Brown,Night shift: Routine operations performed. No significant issues reported.
16,2024-11-29,3,Jane Smith,Night shift: Routine operations performed. No significant issues reported.
17,2024-09-04,2,John Doe,Afternoon shift: Routine operations performed. No significant issues reported.
18,2024-12-10,2,John Doe,Afternoon shift: Routine operations performed. No significant issues reported.
19,2024-11-06,1,Sarah Brown,Morning shift: Routine operations performed. No significant issues reported.
20,2024-06-24,1,Jane Smith,Morning shift: Routine operations performed. No significant issues reported.
21,2024-03-02,2,John Doe,Afternoon shift: Routine operations performed. No significant issues reported.
22,2024-11-20,2,Mike Johnson,Afternoon shift: Minor equipment malfunction observed. Maintenance team notified.
23,2024-03-15,1,John Doe,Morning shift: Routine operations performed. No significant issues reported.
24,2024-11-28,3,Mike Johnson,Night shift: Routine operations performed. No significant issues reported.
25,2024-08-24,1,John Doe,Morning shift: Routine operations performed. No significant issues reported.
26,2024-10-29,1,Jane Smith,Morning shift: Routine operations performed. No significant issues reported.
27,2024-11-10,3,Sarah Brown,Night shift: Routine operations performed. No significant issues reported.
28,2024-06-02,2,Jane Smith,Afternoon shift: Minor equipment malfunction observed. Maintenance team notified.
29,2024-09-01,3,John Doe,Night shift: Routine operations performed. No significant issues reported.
30,2024-11-18,3,Jane Smith,Night shift: Routine operations performed. No significant issues reported.
31,2024-10-19,1,Mike Johnson,Morning shift: Minor equipment malfunction observed. Maintenance team notified.
32,2024-03-16,1,Sarah Brown,Morning shift: Routine operations performed. No significant issues reported.
33,2024-12-22,3,John Doe,Night shift: Routine operations performed. No significant issues reported.
34,2024-07-10,1,John Doe,Morning shift: Routine operations performed. No significant issues reported.
35,2024-01-31,2,Jane Smith,Afternoon shift: Routine operations performed. No significant issues reported.
36,2024-10-15,2,Jane Smith,Afternoon shift: Routine operations performed. No significant issues reported.
37,2024-03-24,3,John Doe,Night shift: Routine operations performed. No significant issues reported.
38,2024-05-18,2,Jane Smith,Afternoon shift: Minor equipment malfunction observed. Maintenance team notified.
39,2024-10-05,3,Mike Johnson,Night shift: Minor equipment malfunction observed. Maintenance team notified.
40,2024-07-03,2,Mike Johnson,Afternoon shift: Routine operations performed. No significant issues reported.
41,2024-09-15,3,John Doe,Night shift: Routine operations performed. No significant issues reported.
42,2024-08-28,3,Sarah Brown,Night shift: Routine operations performed. No significant issues reported.
43,2024-03-25,2,John Doe,Afternoon shift: Routine operations performed. No significant issues reported.
44,2024-02-19,2,John Doe,Afternoon shift: Routine operations performed. No significant issues reported.
45,2024-02-26,3,Sarah Brown,Night shift: Routine operations performed. No significant issues reported.
46,2024-01-19,3,Mike Johnson,Night shift: Routine operations performed. No significant issues reported.
47,2024-10-11,1,Sarah Brown,Morning shift: Routine operations performed. No significant issues reported.
48,2024-07-12,3,Sarah Brown,Night shift: Routine operations performed. No significant issues reported.
49,2024-11-14,1,Sarah Brown,Morning shift: Routine operations performed. No significant issues reported.
50,2024-09-27,2,Sarah Brown,Afternoon shift: Routine operations performed. No significant issues reported.
51,2024-07-24,1,Mike Johnson,Morning shift: Routine operations performed. No significant issues reported.
52,2024-01-28,3,Mike Johnson,Night shift: Routine operations performed. No significant issues reported.
53,2024-06-26,1,Mike Johnson,Morning shift: Routine operations performed. No significant issues reported.
54,2024-12-29,2,Jane Smith,Afternoon shift: Routine operations performed. No significant issues reported.
55,2024-06-13,1,John Doe,Morning shift: Routine operations performed. No significant issues reported.
56,2024-03-01,1,Mike Johnson,Morning shift: Routine operations performed. No significant issues reported.
57,2024-10-05,1,John Doe,Morning shift: Routine operations performed. No significant issues reported.
58,2024-09-11,2,John Doe,Afternoon shift: Routine operations performed. No significant issues reported.
59,2024-02-24,1,Mike Johnson,Morning shift: Routine operations performed. No significant issues reported.
60,2024-06-13,1,John Doe,Morning shift: Routine operations performed. No significant issues reported.
61,2024-09-17,3,John Doe,Night shift: Routine operations performed. No significant issues reported.
62,2024-11-13,1,John Doe,Morning shift: Routine operations performed. No significant issues reported.
63,2024-03-18,3,Jane Smith,Night shift: Routine operations performed. No significant issues reported.
64,2024-04-12,2,Sarah Brown,Afternoon shift: Routine operations performed. No significant issues reported.
65,2024-05-19,2,Mike Johnson,Afternoon shift: Minor equipment malfunction observed. Maintenance team notified.
66,2024-03-13,2,Jane Smith,Afternoon shift: Routine operations performed. No significant issues reported.
67,2024-07-11,1,Jane Smith,Morning shift: Routine operations performed. No significant issues reported.
68,2024-02-01,1,Sarah Brown,Morning shift: Routine operations performed. No significant issues reported.
69,2024-07-03,1,Sarah Brown,Morning shift: Routine operations performed. No significant issues reported.
70,2024-08-08,2,John Doe,Afternoon shift: Routine operations performed. No significant issues reported.
71,2024-08-15,2,John Doe,Afternoon shift: Routine operations performed. No significant issues reported.
72,2024-11-15,3,John Doe,Night shift: Routine operations performed. No significant issues reported.
73,2024-09-07,1,John Doe,Morning shift: Routine operations performed. No significant issues reported.
74,2024-11-15,1,Mike Johnson,Morning shift: Routine operations performed. No significant issues reported.
75,2024-03-08,3,Sarah Brown,Night shift: Routine operations performed. No significant issues reported.
76,2024-03-06,1,John Doe,Morning shift: Minor equipment malfunction observed. Maintenance team notified.
77,2024-10-03,2,Jane Smith,Afternoon shift: Routine operations performed. No significant issues reported.
78,2024-04-05,3,Mike Johnson,Night shift: Minor equipment malfunction observed. Maintenance team notified.
79,2024-10-26,2,Jane Smith,Afternoon shift: Routine operations performed. No significant issues reported.
80,2024-07-09,2,Sarah Brown,Afternoon shift: Minor equipment malfunction observed. Maintenance team notified.
81,2024-07-11,2,Sarah Brown,Afternoon shift: Routine operations performed. No significant issues reported.
82,2024-10-12,1,Mike Johnson,Morning shift: Routine operations performed. No significant issues reported.
83,2024-09-03,2,John Doe,Afternoon shift: Routine operations performed. No significant issues reported.
84,2024-11-01,3,John Doe,Night shift: Routine operations performed. No significant issues reported.
85,2024-11-06,1,Jane Smith,Morning shift: Minor equipment malfunction observed. Maintenance team notified.
86,2024-11-18,2,Mike Johnson,Afternoon shift: Routine operations performed. No significant issues reported.
87,2024-03-16,1,Mike Johnson,Morning shift: Routine operations performed. No significant issues reported.
88,2024-09-29,3,John Doe,Night shift: Routine operations performed. No significant issues reported.
89,2024-12-15,3,Mike Johnson,Night shift: Routine operations performed. No significant issues reported.
90,2024-04-08,2,John Doe,Afternoon shift: Routine operations performed. No significant issues reported.
91,2024-11-03,2,Sarah Brown,Afternoon shift: Routine operations performed. No significant issues reported.
92,2024-08-02,1,Sarah Brown,Morning shift: Minor equipment malfunction observed. Maintenance team notified.
93,2024-03-25,1,Sarah Brown,Morning shift: Routine operations performed. No significant issues reported.
94,2024-11-17,1,John Doe,Morning shift: Routine operations performed. No significant issues reported.
95,2024-09-19,2,John Doe,Afternoon shift: Routine operations performed. No significant issues reported.
96,2024-08-25,2,Sarah Brown,Afternoon shift: Minor equipment malfunction observed. Maintenance team notified.
97,2024-10-02,1,Jane Smith,Morning shift: Routine operations performed. No significant issues reported.
98,2024-02-12,3,Mike Johnson,Night shift: Routine operations performed. No significant issues reported.
99,2024-05-15,3,Jane Smith,Night shift: Routine operations performed. No significant issues reported.
100,2024-12-07,3,John Doe,Night shift: Routine operations performed. No significant issues reported.
101,2024-11-27,1,John Doe,Morning shift: Routine operations performed. No significant issues reported.
102,2024-12-18,1,Mike Johnson,Morning shift: Routine operations performed. No significant issues reported.
103,2024-02-14,2,John Doe,Afternoon shift: Routine operations performed. No significant issues reported.
104,2024-12-19,3,Jane Smith,Night shift: Routine operations performed. No significant issues reported.
105,2024-03-27,3,Mike Johnson,Night shift: Routine operations performed. No significant issues reported.
106,2024-04-15,2,Jane Smith,Afternoon shift: Minor equipment malfunction observed. Maintenance team notified.
107,2024-06-24,3,Jane Smith,Night shift: Minor equipment malfunction observed. Maintenance team notified.
108,2024-10-18,3,Sarah Brown,Night shift: Routine operations performed. No significant issues reported.
109,2024-05-04,1,Mike Johnson,Morning shift: Routine operations performed. No significant issues reported.
110,2024-12-28,1,Sarah Brown,Morning shift: Routine operations performed. No significant issues reported.
111,2024-03-05,3,Jane Smith,Night shift: Routine operations performed. No significant issues reported.
112,2024-04-09,1,John Doe,Morning shift: Routine operations performed. No significant issues reported.
113,2024-03-10,2,Mike Johnson,Afternoon shift: Routine operations performed. No significant issues reported.
114,2024-01-04,2,Mike Johnson,Afternoon shift: Routine operations performed. No significant issues reported.
115,2024-02-28,3,John Doe,Night shift: Routine operations performed. No significant issues reported.
116,2024-06-02,3,Sarah Brown,Night shift: Routine operations performed. No significant issues reported.
117,2024-04-26,2,Jane Smith,Afternoon shift: Routine operations performed. No significant issues reported.
118,2024-07-11,2,Mike Johnson,Afternoon shift: Routine operations performed. No significant issues reported.
119,2024-07-15,1,Mike Johnson,Morning shift: Routine operations performed. No significant issues reported.
120,2024-07-05,1,Mike Johnson,Morning shift: Routine operations performed. No significant issues reported.
121,2024-06-02,3,Jane Smith,Night shift: Routine operations performed. No significant issues reported.
122,2024-05-26,2,Sarah Brown,Afternoon shift: Routine operations performed. No significant issues reported.
123,2024-06-18,2,Jane Smith,Afternoon shift: Routine operations performed. No significant issues reported.
124,2024-03-06,3,Jane Smith,Night shift: Routine operations performed. No significant issues reported.
125,2024-03-23,1,Sarah Brown,Morning shift: Minor equipment malfunction observed. Maintenance team notified.
126,2024-09-16,1,Mike Johnson,Morning shift: Routine operations performed. No significant issues reported.
127,2024-09-21,2,Jane Smith,Afternoon shift: Routine operations performed. No significant issues reported.
128,2024-09-06,3,John Doe,Night shift: Routine operations performed. No significant issues reported.
129,2024-07-04,3,Sarah Brown,Night shift: Routine operations performed. No significant issues reported.
130,2024-11-21,1,Mike Johnson,Morning shift: Routine operations performed. No significant issues reported.
131,2024-03-27,1,Sarah Brown,Morning shift: Routine operations performed. No significant issues reported.
132,2024-06-23,3,Jane Smith,Night shift: Routine operations performed. No significant issues reported.
133,2024-05-09,1,John Doe,Morning shift: Routine operations performed. No significant issues reported.
134,2024-03-10,2,John Doe,Afternoon shift: Routine operations performed. No significant issues reported.
135,2024-04-21,1,Jane Smith,Morning shift: Routine operations performed. No significant issues reported.
136,2024-09-12,2,Jane Smith,Afternoon shift: Minor equipment malfunction observed. Maintenance team notified.
137,2024-03-01,1,Jane Smith,Morning shift: Routine operations performed. No significant issues reported.
138,2024-04-28,1,John Doe,Morning shift: Routine operations performed. No significant issues reported.
139,2024-08-21,2,Sarah Brown,Afternoon shift: Routine operations performed. No significant issues reported.
140,2024-03-28,1,Sarah Brown,Morning shift: Routine operations performed. No significant issues reported.
141,2024-04-26,1,John Doe,Morning shift: Routine operations performed. No significant issues reported.
142,2024-09-27,3,Jane Smith,Night shift: Routine operations performed. No significant issues reported.
143,2024-05-02,3,Jane Smith,Night shift: Routine operations performed. No significant issues reported.
144,2024-01-10,2,Sarah Brown,Afternoon shift: Routine operations performed. No significant issues reported.
145,2024-01-30,3,Jane Smith,Night shift: Routine operations performed. No significant issues reported.
146,2024-01-07,3,Mike Johnson,Night shift: Routine operations performed. No significant issues reported.
147,2024-10-15,1,Mike Johnson,Morning shift: Routine operations performed. No significant issues reported.
148,2024-05-17,1,Mike Johnson,Morning shift: Routine operations performed. No significant issues reported.
149,2024-04-01,2,Jane Smith,Afternoon shift: Routine operations performed. No significant issues reported.
150,2024-08-20,1,Jane Smith,Morning shift: Minor equipment malfunction observed. Maintenance team notified.
151,2024-08-29,2,Jane Smith,Afternoon shift: Routine operations performed. No significant issues reported.
152,2024-02-16,3,Sarah Brown,Night shift: Routine operations performed. No significant issues reported.
153,2024-03-14,1,Mike Johnson,Morning shift: Routine operations performed. No significant issues reported.
154,2024-06-12,1,Mike Johnson,Morning shift: Routine operations performed. No significant issues reported.
155,2024-02-15,3,Sarah Brown,Night shift: Routine operations performed. No significant issues reported.
156,2024-07-05,3,Mike Johnson,Night shift: Routine operations performed. No significant issues reported.
157,2024-09-03,1,Sarah Brown,Morning shift: Routine operations performed. No significant issues reported.
158,2024-07-20,3,John Doe,Night shift: Routine operations performed. No significant issues reported.
159,2024-09-06,3,Jane Smith,Night shift: Routine operations performed. No significant issues reported.
160,2024-10-26,2,John Doe,Afternoon shift: Routine operations performed. No significant issues reported.
161,2024-05-20,3,Jane Smith,Night shift: Routine operations performed. No significant issues reported.
162,2024-02-06,3,John Doe,Night shift: Minor equipment malfunction observed. Maintenance team notified.
163,2024-06-11,3,John Doe,Night shift: Routine operations performed. No significant issues reported.
164,2024-09-14,2,Mike Johnson,Afternoon shift: Minor equipment malfunction observed. Maintenance team notified.
165,2024-09-04,1,Sarah Brown,Morning shift: Routine operations performed. No significant issues reported.
166,2024-06-25,1,Jane Smith,Morning shift: Routine operations performed. No significant issues reported.
167,2024-10-14,3,Jane Smith,Night shift: Routine operations performed. No significant issues reported.
168,2024-08-24,1,Mike Johnson,Morning shift: Routine operations performed. No significant issues reported.
169,2024-07-12,1,Mike Johnson,Morning shift: Routine operations performed. No significant issues reported.
170,2024-12-28,2,Mike Johnson,Afternoon shift: Routine operations performed. No significant issues reported.
171,2024-12-08,2,Jane Smith,Afternoon shift: Routine operations performed. No significant issues reported.
172,2024-12-08,2,John Doe,Afternoon shift: Routine operations performed. No significant issues reported.
173,2024-08-12,3,Jane Smith,Night shift: Routine operations performed. No significant issues reported.
174,2024-04-27,3,Mike Johnson,Night shift: Routine operations performed. No significant issues reported.
175,2024-12-28,1,Sarah Brown,Morning shift: Routine operations performed. No significant issues reported.
176,2024-12-06,1,Jane Smith,Morning shift: Minor equipment malfunction observed. Maintenance team notified.
177,2024-03-16,3,Mike Johnson,Night shift: Routine operations performed. No significant issues reported.
178,2024-10-31,1,John Doe,Morning shift: Routine operations performed. No significant issues reported.
179,2024-09-23,2,Jane Smith,Afternoon shift: Routine operations performed. No significant issues reported.
180,2024-08-10,3,John Doe,Night shift: Routine operations performed. No significant issues reported.
181,2024-12-27,1,Jane Smith,Morning shift: Routine operations performed. No significant issues reported.
182,2024-10-31,2,Jane Smith,Afternoon shift: Routine operations performed. No significant issues reported.
183,2024-12-25,2,John Doe,Afternoon shift: Minor equipment malfunction observed. Maintenance team notified.
184,2024-11-14,1,Mike Johnson,Morning shift: Routine operations performed. No significant issues reported.
185,2024-06-01,1,Mike Johnson,Morning shift: Minor equipment malfunction observed. Maintenance team notified.
186,2024-06-29,1,Mike Johnson,Morning shift: Minor equipment malfunction observed. Maintenance team notified.
187,2024-04-11,3,John Doe,Night shift: Routine operations performed. No significant issues reported.
188,2024-07-10,1,Sarah Brown,Morning shift: Routine operations performed. No significant issues reported.
189,2024-08-30,3,Sarah Brown,Night shift: Routine operations performed. No significant issues reported.
190,2024-07-24,3,Sarah Brown,Night shift: Routine operations performed. No significant issues reported.
191,2024-10-07,2,Sarah Brown,Afternoon shift: Routine operations performed. No significant issues reported.
192,2024-04-15,3,Jane Smith,Night shift: Routine operations performed. No significant issues reported.
193,2024-02-09,3,John Doe,Night shift: Routine operations performed. No significant issues reported.
194,2024-12-12,2,John Doe,Afternoon shift: Routine operations performed. No significant issues reported.
195,2024-10-22,2,Sarah Brown,Afternoon shift: Routine operations performed. No significant issues reported.
196,2024-10-24,3,Mike Johnson,Night shift: Routine operations performed. No significant issues reported.
197,2024-01-12,2,Jane Smith,Afternoon shift: Routine operations performed. No significant issues reported.
198,2024-05-16,3,John Doe,Night shift: Routine operations performed. No significant issues reported.
199,2024-12-16,3,Mike Johnson,Night shift: Routine operations performed. No significant issues reported.
200,2024-12-30,1,Mike Johnson,Morning shift: Routine operations performed. No significant issues reported.
201,2024-08-04,1,John Doe,Morning shift: Routine operations performed. No significant issues reported.
202,2024-03-15,2,Mike Johnson,Afternoon shift: Routine operations performed. No significant issues reported.
203,2024-01-23,1,John Doe,Morning shift: Routine operations performed. No significant issues reported.
204,2024-08-18,3,John Doe,Night shift: Routine operations performed. No significant issues reported.
205,2024-11-23,2,John Doe,Afternoon shift: Routine operations performed. No significant issues reported.
206,2024-12-13,3,Jane Smith,Night shift: Minor equipment malfunction observed. Maintenance team notified.
207,2024-08-14,2,Jane Smith,Afternoon shift: Routine operations performed. No significant issues reported.
208,2024-12-15,1,John Doe,Morning shift: Minor equipment malfunction observed. Maintenance team notified.
209,2024-11-06,1,John Doe,Morning shift: Routine operations performed. No significant issues reported.
210,2024-01-15,1,Mike Johnson,Morning shift: Routine operations performed. No significant issues reported.
211,2024-04-03,1,Mike Johnson,Morning shift: Routine operations performed. No significant issues reported.
212,2024-08-25,2,Jane Smith,Afternoon shift: Routine operations performed. No significant issues reported.
213,2024-05-14,2,Sarah Brown,Afternoon shift: Routine operations performed. No significant issues reported.
214,2024-10-01,3,Jane Smith,Night shift: Routine operations performed. No significant issues reported.
215,2024-07-04,3,Mike Johnson,Night shift: Routine operations performed. No significant issues reported.
216,2024-02-10,1,Sarah Brown,Morning shift: Routine operations performed. No significant issues reported.
217,2024-05-11,3,Mike Johnson,Night shift: Routine operations performed. No significant issues reported.
218,2024-03-24,3,Sarah Brown,Night shift: Routine operations performed. No significant issues reported.
219,2024-03-10,2,Sarah Brown,Afternoon shift: Routine operations performed. No significant issues reported.
220,2024-06-06,3,John Doe,Night shift: Routine operations performed. No significant issues reported.
221,2024-05-27,2,Jane Smith,Afternoon shift: Routine operations performed. No significant issues reported.
222,2024-05-22,1,Jane Smith,Morning shift: Minor equipment malfunction observed. Maintenance team notified.
223,2024-09-15,1,Sarah Brown,Morning shift: Routine operations performed. No significant issues reported.
224,2024-09-04,3,Mike Johnson,Night shift: Minor equipment malfunction observed. Maintenance team notified.
225,2024-03-18,1,Jane Smith,Morning shift: Routine operations performed. No significant issues reported.
226,2024-07-23,2,Jane Smith,Afternoon shift: Routine operations performed. No significant issues reported.
227,2024-03-13,3,Jane Smith,Night shift: Routine operations performed. No significant issues reported.
228,2024-06-02,2,Jane Smith,Afternoon shift: Routine operations performed. No significant issues reported.
229,2024-04-17,2,Sarah Brown,Afternoon shift: Minor equipment malfunction observed. Maintenance team notified.
230,2024-11-14,1,Mike Johnson,Morning shift: Routine operations performed. No significant issues reported.
231,2024-04-09,2,Jane Smith,Afternoon shift: Routine operations performed. No significant issues reported.
232,2024-11-25,2,Jane Smith,Afternoon shift: Routine operations performed. No significant issues reported.
233,2024-06-07,1,Jane Smith,Morning shift: Routine operations performed. No significant issues reported.
234,2024-10-12,3,Jane Smith,Night shift: Routine operations performed. No significant issues reported.
235,2024-12-13,2,Jane Smith,Afternoon shift: Routine operations performed. No significant issues reported.
236,2024-03-20,2,Jane Smith,Afternoon shift: Routine operations performed. No significant issues reported.
237,2024-05-22,3,John Doe,Night shift: Routine operations performed. No significant issues reported.
238,2024-03-19,2,Jane Smith,Afternoon shift: Routine operations performed. No significant issues reported.
239,2024-08-25,1,Sarah Brown,Morning shift: Routine operations performed. No significant issues reported.
240,2024-06-06,1,Mike Johnson,Morning shift: Routine operations performed. No significant issues reported.
241,2024-11-11,2,Mike Johnson,Afternoon shift: Routine operations performed. No significant issues reported.
242,2024-06-13,3,Mike Johnson,Night shift: Routine operations performed. No significant issues reported.
243,2024-05-31,3,Jane Smith,Night shift: Routine operations performed. No significant issues reported.
244,2024-05-04,3,Mike Johnson,Night shift: Routine operations performed. No significant issues reported.
245,2024-12-26,3,Jane Smith,Night shift: Routine operations performed. No significant issues reported.
246,2024-12-07,2,John Doe,Afternoon shift: Routine operations performed. No significant issues reported.
247,2024-02-13,1,Jane Smith,Morning shift: Routine operations performed. No significant issues reported.
248,2024-01-12,2,John Doe,Afternoon shift: Routine operations performed. No significant issues reported.
249,2024-10-18,2,Mike Johnson,Afternoon shift: Routine operations performed. No significant issues reported.
250,2024-08-16,3,Mike Johnson,Night shift: Routine operations performed. No significant issues reported.
251,2024-02-19,1,Mike Johnson,Morning shift: Routine operations performed. No significant issues reported.
252,2024-01-09,2,Sarah Brown,Afternoon shift: Minor equipment malfunction observed. Maintenance team notified.
253,2024-01-30,3,Sarah Brown,Night shift: Routine operations performed. No significant issues reported.
254,2024-06-30,3,Sarah Brown,Night shift: Routine operations performed. No significant issues reported.
255,2024-04-21,2,Sarah Brown,Afternoon shift: Routine operations performed. No significant issues reported.
256,2024-11-16,3,Jane Smith,Night shift: Routine operations performed. No significant issues reported.
257,2024-03-14,3,Mike Johnson,Night shift: Routine operations performed. No significant issues reported.
258,2024-11-22,3,John Doe,Night shift: Routine operations performed. No significant issues reported.
259,2024-06-29,3,Mike Johnson,Night shift: Routine operations performed. No significant issues reported.
260,2024-02-06,1,John Doe,Morning shift: Routine operations performed. No significant issues reported.
261,2024-01-20,3,Jane Smith,Night shift: Routine operations performed. No significant issues reported.
262,2024-02-25,1,Mike Johnson,Morning shift: Routine operations performed. No significant issues reported.
263,2024-04-02,1,Mike Johnson,Morning shift: Routine operations performed. No significant issues reported.
264,2024-11-11,2,John Doe,Afternoon shift: Routine operations performed. No significant issues reported.
265,2024-02-23,3,Mike Johnson,Night shift: Routine operations performed. No significant issues reported.
266,2024-09-10,1,Mike Johnson,Morning shift: Routine operations performed. No significant issues reported.
267,2024-01-27,3,Sarah Brown,Night shift: Routine operations performed. No significant issues reported.
268,2024-06-19,1,Mike Johnson,Morning shift: Routine operations performed. No significant issues reported.
269,2024-11-05,3,John Doe,Night shift: Routine operations performed. No significant issues reported.
270,2024-11-26,1,Mike Johnson,Morning shift: Routine operations performed. No significant issues reported.
271,2024-02-17,1,Mike Johnson,Morning shift: Routine operations performed. No significant issues reported.
272,2024-11-11,2,John Doe,Afternoon shift: Routine operations performed. No significant issues reported.
273,2024-12-06,2,John Doe,Afternoon shift: Routine operations performed. No significant issues reported.
274,2024-08-23,1,Mike Johnson,Morning shift: Routine operations performed. No significant issues reported.
275,2024-04-20,2,Mike Johnson,Afternoon shift: Routine operations performed. No significant issues reported.
276,2024-12-20,1,Sarah Brown,Morning shift: Routine operations performed. No significant issues reported.
277,2024-02-22,1,Jane Smith,Morning shift: Routine operations performed. No significant issues reported.
278,2024-07-09,2,John Doe,Afternoon shift: Routine operations performed. No significant issues reported.
279,2024-09-03,3,John Doe,Night shift: Routine operations performed. No significant issues reported.
280,2024-03-26,1,Sarah Brown,Morning shift: Routine operations performed. No significant issues reported.
281,2024-01-08,2,John Doe,Afternoon shift: Minor equipment malfunction observed. Maintenance team notified.
282,2024-03-11,2,Sarah Brown,Afternoon shift: Routine operations performed. No significant issues reported.
283,2024-07-20,3,Mike Johnson,Night shift: Routine operations performed. No significant issues reported.
284,2024-05-28,2,Mike Johnson,Afternoon shift: Routine operations performed. No significant issues reported.
285,2024-08-25,2,Sarah Brown,Afternoon shift: Routine operations performed. No significant issues reported.
286,2024-10-21,2,John Doe,Afternoon shift: Routine operations performed. No significant issues reported.
287,2024-03-07,3,Sarah Brown,Night shift: Routine operations performed. No significant issues reported.
288,2024-10-21,2,Mike Johnson,Afternoon shift: Routine operations performed. No significant issues reported.
289,2024-08-30,3,John Doe,Night shift: Minor equipment malfunction observed. Maintenance team notified.
290,2024-10-23,2,John Doe,Afternoon shift: Routine operations performed. No significant issues reported.
291,2024-01-20,3,Sarah Brown,Night shift: Routine operations performed. No significant issues reported.
292,2024-07-01,2,John Doe,Afternoon shift: Routine operations performed. No significant issues reported.
293,2024-07-19,2,Jane Smith,Afternoon shift: Routine operations performed. No significant issues reported.
294,2024-10-08,2,John Doe,Afternoon shift: Routine operations performed. No significant issues reported.
295,2024-10-28,3,Mike Johnson,Night shift: Routine operations performed. No significant issues reported.
296,2024-06-07,1,John Doe,Morning shift: Routine operations performed. No significant issues reported.
297,2024-12-21,2,Sarah Brown,Afternoon shift: Routine operations performed. No significant issues reported.
298,2024-12-20,2,Jane Smith,Afternoon shift: Routine operations performed. No significant issues reported.
299,2024-09-24,3,John Doe,Night shift: Routine operations performed. No significant issues reported.
300,2024-10-13,3,Jane Smith,Night shift: Routine operations performed. No significant issues reported.
