sop_id,procedure_name,description,version,last_updated
1,Quality Testing Protocol,Detailed instructions for quality testing protocol...,3.3,2024-05-14
2,Equipment Cleaning Protocol,Detailed instructions for equipment cleaning protocol...,1.0,2024-01-25
3,Quality Testing Protocol,Detailed instructions for quality testing protocol...,1.9,2024-11-08
4,Quality Testing Protocol,Detailed instructions for quality testing protocol...,2.0,2024-10-06
5,Equipment Cleaning Protocol,Detailed instructions for equipment cleaning protocol...,2.5,2024-08-22
6,Pasteurization Process,Detailed instructions for pasteurization process...,2.2,2024-06-30
7,Pasteurization Process,Detailed instructions for pasteurization process...,1.5,2024-08-14
8,Equipment Cleaning Protocol,Detailed instructions for equipment cleaning protocol...,3.2,2024-09-08
9,Equipment Cleaning Protocol,Detailed instructions for equipment cleaning protocol...,3.0,2024-05-09
10,Equipment Cleaning Protocol,Detailed instructions for equipment cleaning protocol...,2.5,2024-10-15
11,Equipment Cleaning Protocol,Detailed instructions for equipment cleaning protocol...,2.1,2024-02-25
12,Quality Testing Protocol,Detailed instructions for quality testing protocol...,2.1,2024-11-19
13,Equipment Cleaning Protocol,Detailed instructions for equipment cleaning protocol...,1.4,2024-05-02
14,Product Packaging Guidelines,Detailed instructions for product packaging guidelines...,3.4,2024-02-16
15,Quality Testing Protocol,Detailed instructions for quality testing protocol...,1.9,2024-06-14
16,Equipment Cleaning Protocol,Detailed instructions for equipment cleaning protocol...,1.4,2024-03-09
17,Equipment Cleaning Protocol,Detailed instructions for equipment cleaning protocol...,3.7,2024-03-27
18,Quality Testing Protocol,Detailed instructions for quality testing protocol...,1.2,2024-12-04
19,Quality Testing Protocol,Detailed instructions for quality testing protocol...,2.5,2024-10-16
20,Quality Testing Protocol,Detailed instructions for quality testing protocol...,2.4,2024-08-21
21,Product Packaging Guidelines,Detailed instructions for product packaging guidelines...,2.7,2024-05-10
22,Quality Testing Protocol,Detailed instructions for quality testing protocol...,3.0,2024-11-17
23,Pasteurization Process,Detailed instructions for pasteurization process...,3.3,2024-01-13
24,Pasteurization Process,Detailed instructions for pasteurization process...,3.3,2024-05-04
25,Pasteurization Process,Detailed instructions for pasteurization process...,2.5,2024-04-27
26,Pasteurization Process,Detailed instructions for pasteurization process...,2.1,2024-01-15
27,Equipment Cleaning Protocol,Detailed instructions for equipment cleaning protocol...,1.8,2024-06-16
28,Product Packaging Guidelines,Detailed instructions for product packaging guidelines...,3.5,2024-07-25
29,Equipment Cleaning Protocol,Detailed instructions for equipment cleaning protocol...,3.4,2024-10-08
30,Pasteurization Process,Detailed instructions for pasteurization process...,3.7,2024-04-27
31,Equipment Cleaning Protocol,Detailed instructions for equipment cleaning protocol...,1.2,2024-12-17
32,Pasteurization Process,Detailed instructions for pasteurization process...,1.8,2024-06-18
33,Pasteurization Process,Detailed instructions for pasteurization process...,3.8,2024-11-29
34,Product Packaging Guidelines,Detailed instructions for product packaging guidelines...,3.6,2024-07-02
35,Pasteurization Process,Detailed instructions for pasteurization process...,1.9,2024-11-22
36,Quality Testing Protocol,Detailed instructions for quality testing protocol...,3.3,2024-10-28
37,Product Packaging Guidelines,Detailed instructions for product packaging guidelines...,2.5,2024-07-12
38,Product Packaging Guidelines,Detailed instructions for product packaging guidelines...,1.4,2024-02-20
39,Equipment Cleaning Protocol,Detailed instructions for equipment cleaning protocol...,2.2,2024-12-18
40,Product Packaging Guidelines,Detailed instructions for product packaging guidelines...,1.7,2024-04-28
41,Pasteurization Process,Detailed instructions for pasteurization process...,3.3,2024-03-25
42,Equipment Cleaning Protocol,Detailed instructions for equipment cleaning protocol...,1.4,2024-09-13
43,Product Packaging Guidelines,Detailed instructions for product packaging guidelines...,1.8,2024-05-18
44,Quality Testing Protocol,Detailed instructions for quality testing protocol...,3.5,2024-03-02
45,Quality Testing Protocol,Detailed instructions for quality testing protocol...,1.0,2024-04-06
46,Equipment Cleaning Protocol,Detailed instructions for equipment cleaning protocol...,2.4,2024-07-21
47,Quality Testing Protocol,Detailed instructions for quality testing protocol...,2.0,2024-10-09
48,Equipment Cleaning Protocol,Detailed instructions for equipment cleaning protocol...,1.9,2024-12-25
49,Product Packaging Guidelines,Detailed instructions for product packaging guidelines...,3.0,2024-03-15
50,Pasteurization Process,Detailed instructions for pasteurization process...,3.2,2024-04-27
51,Quality Testing Protocol,Detailed instructions for quality testing protocol...,3.9,2024-05-14
52,Equipment Cleaning Protocol,Detailed instructions for equipment cleaning protocol...,3.5,2024-07-17
53,Quality Testing Protocol,Detailed instructions for quality testing protocol...,1.0,2024-12-14
54,Pasteurization Process,Detailed instructions for pasteurization process...,3.7,2024-01-04
55,Pasteurization Process,Detailed instructions for pasteurization process...,1.4,2024-05-18
56,Product Packaging Guidelines,Detailed instructions for product packaging guidelines...,2.0,2024-06-29
57,Quality Testing Protocol,Detailed instructions for quality testing protocol...,2.1,2024-12-02
58,Pasteurization Process,Detailed instructions for pasteurization process...,3.6,2024-06-19
59,Product Packaging Guidelines,Detailed instructions for product packaging guidelines...,3.8,2024-12-12
60,Product Packaging Guidelines,Detailed instructions for product packaging guidelines...,2.1,2024-04-23
61,Quality Testing Protocol,Detailed instructions for quality testing protocol...,1.3,2024-01-28
62,Pasteurization Process,Detailed instructions for pasteurization process...,3.3,2024-10-07
63,Quality Testing Protocol,Detailed instructions for quality testing protocol...,1.3,2024-11-07
64,Pasteurization Process,Detailed instructions for pasteurization process...,1.4,2024-11-15
65,Product Packaging Guidelines,Detailed instructions for product packaging guidelines...,1.2,2024-06-08
66,Product Packaging Guidelines,Detailed instructions for product packaging guidelines...,1.9,2024-01-22
67,Pasteurization Process,Detailed instructions for pasteurization process...,1.9,2024-12-03
68,Equipment Cleaning Protocol,Detailed instructions for equipment cleaning protocol...,2.6,2024-11-14
69,Quality Testing Protocol,Detailed instructions for quality testing protocol...,1.4,2024-04-14
70,Equipment Cleaning Protocol,Detailed instructions for equipment cleaning protocol...,1.9,2024-09-04
71,Product Packaging Guidelines,Detailed instructions for product packaging guidelines...,1.5,2024-05-20
72,Product Packaging Guidelines,Detailed instructions for product packaging guidelines...,3.5,2024-10-23
73,Quality Testing Protocol,Detailed instructions for quality testing protocol...,2.5,2024-03-26
74,Product Packaging Guidelines,Detailed instructions for product packaging guidelines...,1.7,2024-04-11
75,Pasteurization Process,Detailed instructions for pasteurization process...,1.3,2024-06-26
76,Quality Testing Protocol,Detailed instructions for quality testing protocol...,2.2,2024-02-24
77,Equipment Cleaning Protocol,Detailed instructions for equipment cleaning protocol...,1.3,2024-06-18
78,Pasteurization Process,Detailed instructions for pasteurization process...,2.2,2024-10-13
79,Quality Testing Protocol,Detailed instructions for quality testing protocol...,2.3,2024-04-20
80,Pasteurization Process,Detailed instructions for pasteurization process...,1.1,2024-09-14
81,Equipment Cleaning Protocol,Detailed instructions for equipment cleaning protocol...,1.8,2024-02-22
82,Equipment Cleaning Protocol,Detailed instructions for equipment cleaning protocol...,1.8,2024-03-20
83,Equipment Cleaning Protocol,Detailed instructions for equipment cleaning protocol...,2.2,2024-11-07
84,Pasteurization Process,Detailed instructions for pasteurization process...,1.8,2024-04-12
85,Quality Testing Protocol,Detailed instructions for quality testing protocol...,2.6,2024-10-07
86,Equipment Cleaning Protocol,Detailed instructions for equipment cleaning protocol...,2.6,2024-01-11
87,Product Packaging Guidelines,Detailed instructions for product packaging guidelines...,3.0,2024-10-19
88,Pasteurization Process,Detailed instructions for pasteurization process...,2.8,2024-01-07
89,Quality Testing Protocol,Detailed instructions for quality testing protocol...,2.7,2024-08-15
90,Quality Testing Protocol,Detailed instructions for quality testing protocol...,1.9,2024-08-22
91,Pasteurization Process,Detailed instructions for pasteurization process...,2.9,2024-08-11
92,Product Packaging Guidelines,Detailed instructions for product packaging guidelines...,1.8,2024-03-12
93,Equipment Cleaning Protocol,Detailed instructions for equipment cleaning protocol...,3.2,2024-12-07
94,Quality Testing Protocol,Detailed instructions for quality testing protocol...,3.6,2024-08-29
95,Pasteurization Process,Detailed instructions for pasteurization process...,3.6,2024-07-12
96,Product Packaging Guidelines,Detailed instructions for product packaging guidelines...,2.9,2024-09-24
97,Quality Testing Protocol,Detailed instructions for quality testing protocol...,2.3,2024-08-10
98,Pasteurization Process,Detailed instructions for pasteurization process...,3.3,2024-01-05
99,Equipment Cleaning Protocol,Detailed instructions for equipment cleaning protocol...,2.3,2024-08-16
100,Equipment Cleaning Protocol,Detailed instructions for equipment cleaning protocol...,1.5,2024-04-02
101,Quality Testing Protocol,Detailed instructions for quality testing protocol...,3.9,2024-03-26
102,Product Packaging Guidelines,Detailed instructions for product packaging guidelines...,3.3,2024-09-06
103,Product Packaging Guidelines,Detailed instructions for product packaging guidelines...,3.4,2024-05-13
104,Equipment Cleaning Protocol,Detailed instructions for equipment cleaning protocol...,3.7,2024-09-21
105,Pasteurization Process,Detailed instructions for pasteurization process...,3.8,2024-06-13
106,Equipment Cleaning Protocol,Detailed instructions for equipment cleaning protocol...,3.4,2024-10-17
107,Equipment Cleaning Protocol,Detailed instructions for equipment cleaning protocol...,1.6,2024-02-22
108,Pasteurization Process,Detailed instructions for pasteurization process...,1.0,2024-04-19
109,Equipment Cleaning Protocol,Detailed instructions for equipment cleaning protocol...,2.0,2024-12-21
110,Pasteurization Process,Detailed instructions for pasteurization process...,1.2,2024-02-24
111,Product Packaging Guidelines,Detailed instructions for product packaging guidelines...,2.4,2024-03-10
112,Equipment Cleaning Protocol,Detailed instructions for equipment cleaning protocol...,2.2,2024-02-08
113,Pasteurization Process,Detailed instructions for pasteurization process...,1.3,2024-11-12
114,Equipment Cleaning Protocol,Detailed instructions for equipment cleaning protocol...,1.9,2024-10-31
115,Product Packaging Guidelines,Detailed instructions for product packaging guidelines...,2.7,2024-12-16
116,Equipment Cleaning Protocol,Detailed instructions for equipment cleaning protocol...,2.3,2024-01-26
117,Pasteurization Process,Detailed instructions for pasteurization process...,2.2,2024-08-17
118,Equipment Cleaning Protocol,Detailed instructions for equipment cleaning protocol...,3.7,2024-10-13
119,Product Packaging Guidelines,Detailed instructions for product packaging guidelines...,1.9,2024-01-22
120,Product Packaging Guidelines,Detailed instructions for product packaging guidelines...,3.5,2024-11-03
121,Quality Testing Protocol,Detailed instructions for quality testing protocol...,2.2,2024-03-21
122,Pasteurization Process,Detailed instructions for pasteurization process...,2.1,2024-03-29
123,Pasteurization Process,Detailed instructions for pasteurization process...,1.9,2024-09-22
124,Equipment Cleaning Protocol,Detailed instructions for equipment cleaning protocol...,1.4,2024-02-17
125,Quality Testing Protocol,Detailed instructions for quality testing protocol...,3.1,2024-06-13
126,Quality Testing Protocol,Detailed instructions for quality testing protocol...,2.3,2024-08-23
127,Equipment Cleaning Protocol,Detailed instructions for equipment cleaning protocol...,3.4,2024-02-26
128,Equipment Cleaning Protocol,Detailed instructions for equipment cleaning protocol...,3.9,2024-08-16
129,Product Packaging Guidelines,Detailed instructions for product packaging guidelines...,1.9,2024-10-06
130,Quality Testing Protocol,Detailed instructions for quality testing protocol...,3.7,2024-01-28
131,Quality Testing Protocol,Detailed instructions for quality testing protocol...,2.6,2024-10-25
132,Equipment Cleaning Protocol,Detailed instructions for equipment cleaning protocol...,1.1,2024-04-28
133,Equipment Cleaning Protocol,Detailed instructions for equipment cleaning protocol...,3.9,2024-12-20
134,Quality Testing Protocol,Detailed instructions for quality testing protocol...,1.0,2024-12-26
135,Pasteurization Process,Detailed instructions for pasteurization process...,2.8,2024-02-22
136,Equipment Cleaning Protocol,Detailed instructions for equipment cleaning protocol...,1.3,2024-11-14
137,Product Packaging Guidelines,Detailed instructions for product packaging guidelines...,3.9,2024-12-18
138,Quality Testing Protocol,Detailed instructions for quality testing protocol...,3.9,2024-07-21
139,Equipment Cleaning Protocol,Detailed instructions for equipment cleaning protocol...,2.6,2024-10-26
140,Equipment Cleaning Protocol,Detailed instructions for equipment cleaning protocol...,2.9,2024-08-25
141,Equipment Cleaning Protocol,Detailed instructions for equipment cleaning protocol...,3.0,2024-08-13
142,Quality Testing Protocol,Detailed instructions for quality testing protocol...,3.4,2024-08-15
143,Equipment Cleaning Protocol,Detailed instructions for equipment cleaning protocol...,1.2,2024-01-28
144,Quality Testing Protocol,Detailed instructions for quality testing protocol...,1.3,2024-12-20
145,Quality Testing Protocol,Detailed instructions for quality testing protocol...,3.3,2024-12-13
146,Product Packaging Guidelines,Detailed instructions for product packaging guidelines...,3.5,2024-08-15
147,Product Packaging Guidelines,Detailed instructions for product packaging guidelines...,1.5,2024-11-26
148,Pasteurization Process,Detailed instructions for pasteurization process...,2.3,2024-05-09
149,Pasteurization Process,Detailed instructions for pasteurization process...,3.4,2024-09-19
150,Pasteurization Process,Detailed instructions for pasteurization process...,3.6,2024-04-15
151,Equipment Cleaning Protocol,Detailed instructions for equipment cleaning protocol...,2.3,2024-09-20
152,Pasteurization Process,Detailed instructions for pasteurization process...,3.3,2024-05-29
153,Product Packaging Guidelines,Detailed instructions for product packaging guidelines...,2.6,2024-08-22
154,Pasteurization Process,Detailed instructions for pasteurization process...,3.8,2024-08-03
155,Product Packaging Guidelines,Detailed instructions for product packaging guidelines...,3.6,2024-05-06
156,Product Packaging Guidelines,Detailed instructions for product packaging guidelines...,3.5,2024-06-08
157,Product Packaging Guidelines,Detailed instructions for product packaging guidelines...,2.4,2024-04-12
158,Equipment Cleaning Protocol,Detailed instructions for equipment cleaning protocol...,2.9,2024-11-28
159,Equipment Cleaning Protocol,Detailed instructions for equipment cleaning protocol...,3.5,2024-03-18
160,Product Packaging Guidelines,Detailed instructions for product packaging guidelines...,3.6,2024-01-02
161,Quality Testing Protocol,Detailed instructions for quality testing protocol...,2.1,2024-12-27
162,Equipment Cleaning Protocol,Detailed instructions for equipment cleaning protocol...,3.1,2024-12-11
163,Quality Testing Protocol,Detailed instructions for quality testing protocol...,2.9,2024-07-30
164,Quality Testing Protocol,Detailed instructions for quality testing protocol...,3.9,2024-10-18
165,Pasteurization Process,Detailed instructions for pasteurization process...,1.2,2024-04-21
166,Equipment Cleaning Protocol,Detailed instructions for equipment cleaning protocol...,3.3,2024-08-17
167,Product Packaging Guidelines,Detailed instructions for product packaging guidelines...,3.0,2024-03-29
168,Pasteurization Process,Detailed instructions for pasteurization process...,3.0,2024-06-06
169,Equipment Cleaning Protocol,Detailed instructions for equipment cleaning protocol...,3.0,2024-04-25
170,Quality Testing Protocol,Detailed instructions for quality testing protocol...,1.2,2024-01-22
171,Equipment Cleaning Protocol,Detailed instructions for equipment cleaning protocol...,1.9,2024-06-26
172,Pasteurization Process,Detailed instructions for pasteurization process...,1.6,2024-05-09
173,Equipment Cleaning Protocol,Detailed instructions for equipment cleaning protocol...,3.0,2024-12-10
174,Product Packaging Guidelines,Detailed instructions for product packaging guidelines...,3.9,2024-01-12
175,Pasteurization Process,Detailed instructions for pasteurization process...,2.5,2024-06-11
176,Product Packaging Guidelines,Detailed instructions for product packaging guidelines...,3.7,2024-04-27
177,Equipment Cleaning Protocol,Detailed instructions for equipment cleaning protocol...,2.4,2024-09-27
178,Product Packaging Guidelines,Detailed instructions for product packaging guidelines...,3.3,2024-04-02
179,Product Packaging Guidelines,Detailed instructions for product packaging guidelines...,3.5,2024-03-25
180,Product Packaging Guidelines,Detailed instructions for product packaging guidelines...,2.4,2024-06-19
181,Product Packaging Guidelines,Detailed instructions for product packaging guidelines...,1.8,2024-09-29
182,Equipment Cleaning Protocol,Detailed instructions for equipment cleaning protocol...,2.9,2024-06-25
183,Pasteurization Process,Detailed instructions for pasteurization process...,1.5,2024-01-18
184,Pasteurization Process,Detailed instructions for pasteurization process...,2.9,2024-05-18
185,Product Packaging Guidelines,Detailed instructions for product packaging guidelines...,2.6,2024-06-25
186,Product Packaging Guidelines,Detailed instructions for product packaging guidelines...,1.3,2024-08-17
187,Quality Testing Protocol,Detailed instructions for quality testing protocol...,1.3,2024-09-24
188,Equipment Cleaning Protocol,Detailed instructions for equipment cleaning protocol...,3.3,2024-08-07
189,Pasteurization Process,Detailed instructions for pasteurization process...,3.4,2024-02-15
190,Quality Testing Protocol,Detailed instructions for quality testing protocol...,3.4,2024-09-28
191,Equipment Cleaning Protocol,Detailed instructions for equipment cleaning protocol...,2.8,2024-03-23
192,Quality Testing Protocol,Detailed instructions for quality testing protocol...,2.3,2024-10-04
193,Pasteurization Process,Detailed instructions for pasteurization process...,1.9,2024-07-31
194,Equipment Cleaning Protocol,Detailed instructions for equipment cleaning protocol...,3.5,2024-11-19
195,Product Packaging Guidelines,Detailed instructions for product packaging guidelines...,1.8,2024-12-25
196,Pasteurization Process,Detailed instructions for pasteurization process...,2.6,2024-06-06
197,Quality Testing Protocol,Detailed instructions for quality testing protocol...,3.8,2024-02-23
198,Product Packaging Guidelines,Detailed instructions for product packaging guidelines...,3.9,2024-02-01
199,Equipment Cleaning Protocol,Detailed instructions for equipment cleaning protocol...,3.0,2024-06-09
200,Pasteurization Process,Detailed instructions for pasteurization process...,3.0,2024-09-18
201,Pasteurization Process,Detailed instructions for pasteurization process...,1.6,2024-06-29
202,Product Packaging Guidelines,Detailed instructions for product packaging guidelines...,1.5,2024-08-26
203,Quality Testing Protocol,Detailed instructions for quality testing protocol...,2.5,2024-03-07
204,Quality Testing Protocol,Detailed instructions for quality testing protocol...,3.8,2024-11-29
205,Product Packaging Guidelines,Detailed instructions for product packaging guidelines...,2.1,2024-08-26
206,Equipment Cleaning Protocol,Detailed instructions for equipment cleaning protocol...,3.6,2024-10-21
207,Quality Testing Protocol,Detailed instructions for quality testing protocol...,2.2,2024-02-12
208,Quality Testing Protocol,Detailed instructions for quality testing protocol...,1.0,2024-06-23
209,Product Packaging Guidelines,Detailed instructions for product packaging guidelines...,3.6,2024-09-29
210,Quality Testing Protocol,Detailed instructions for quality testing protocol...,3.7,2024-04-13
211,Quality Testing Protocol,Detailed instructions for quality testing protocol...,2.8,2024-07-23
212,Pasteurization Process,Detailed instructions for pasteurization process...,2.1,2024-05-22
213,Product Packaging Guidelines,Detailed instructions for product packaging guidelines...,1.6,2024-12-01
214,Pasteurization Process,Detailed instructions for pasteurization process...,3.8,2024-11-01
215,Quality Testing Protocol,Detailed instructions for quality testing protocol...,2.0,2024-02-24
216,Quality Testing Protocol,Detailed instructions for quality testing protocol...,3.8,2024-12-01
217,Product Packaging Guidelines,Detailed instructions for product packaging guidelines...,2.9,2024-07-16
218,Product Packaging Guidelines,Detailed instructions for product packaging guidelines...,2.2,2024-04-12
219,Product Packaging Guidelines,Detailed instructions for product packaging guidelines...,2.4,2024-03-18
220,Pasteurization Process,Detailed instructions for pasteurization process...,2.1,2024-06-29
221,Product Packaging Guidelines,Detailed instructions for product packaging guidelines...,3.8,2024-07-23
222,Pasteurization Process,Detailed instructions for pasteurization process...,2.3,2024-10-12
223,Quality Testing Protocol,Detailed instructions for quality testing protocol...,3.1,2024-07-27
224,Quality Testing Protocol,Detailed instructions for quality testing protocol...,1.2,2024-07-19
225,Product Packaging Guidelines,Detailed instructions for product packaging guidelines...,1.6,2024-06-16
226,Pasteurization Process,Detailed instructions for pasteurization process...,3.4,2024-07-16
227,Pasteurization Process,Detailed instructions for pasteurization process...,2.5,2024-01-25
228,Equipment Cleaning Protocol,Detailed instructions for equipment cleaning protocol...,3.4,2024-11-17
229,Equipment Cleaning Protocol,Detailed instructions for equipment cleaning protocol...,2.2,2024-08-09
230,Quality Testing Protocol,Detailed instructions for quality testing protocol...,1.0,2024-11-11
231,Equipment Cleaning Protocol,Detailed instructions for equipment cleaning protocol...,3.4,2024-01-25
232,Quality Testing Protocol,Detailed instructions for quality testing protocol...,3.2,2024-10-30
233,Quality Testing Protocol,Detailed instructions for quality testing protocol...,3.2,2024-04-13
234,Quality Testing Protocol,Detailed instructions for quality testing protocol...,2.8,2024-09-03
235,Pasteurization Process,Detailed instructions for pasteurization process...,1.0,2024-07-21
236,Equipment Cleaning Protocol,Detailed instructions for equipment cleaning protocol...,2.6,2024-04-22
237,Pasteurization Process,Detailed instructions for pasteurization process...,2.7,2024-07-06
238,Pasteurization Process,Detailed instructions for pasteurization process...,3.6,2024-12-17
239,Product Packaging Guidelines,Detailed instructions for product packaging guidelines...,1.7,2024-01-17
240,Product Packaging Guidelines,Detailed instructions for product packaging guidelines...,1.1,2024-11-16
241,Equipment Cleaning Protocol,Detailed instructions for equipment cleaning protocol...,3.1,2024-12-12
242,Product Packaging Guidelines,Detailed instructions for product packaging guidelines...,2.0,2024-08-09
243,Equipment Cleaning Protocol,Detailed instructions for equipment cleaning protocol...,2.5,2024-02-06
244,Equipment Cleaning Protocol,Detailed instructions for equipment cleaning protocol...,2.4,2024-10-17
245,Pasteurization Process,Detailed instructions for pasteurization process...,2.3,2024-03-03
246,Product Packaging Guidelines,Detailed instructions for product packaging guidelines...,3.3,2024-01-18
247,Product Packaging Guidelines,Detailed instructions for product packaging guidelines...,2.6,2024-09-25
248,Quality Testing Protocol,Detailed instructions for quality testing protocol...,2.6,2024-03-18
249,Product Packaging Guidelines,Detailed instructions for product packaging guidelines...,1.1,2024-01-20
250,Equipment Cleaning Protocol,Detailed instructions for equipment cleaning protocol...,2.2,2024-09-11
251,Equipment Cleaning Protocol,Detailed instructions for equipment cleaning protocol...,3.3,2024-10-23
252,Product Packaging Guidelines,Detailed instructions for product packaging guidelines...,1.6,2024-09-18
253,Product Packaging Guidelines,Detailed instructions for product packaging guidelines...,2.7,2024-02-11
254,Quality Testing Protocol,Detailed instructions for quality testing protocol...,1.9,2024-08-17
255,Product Packaging Guidelines,Detailed instructions for product packaging guidelines...,1.2,2024-03-30
256,Pasteurization Process,Detailed instructions for pasteurization process...,1.1,2024-09-28
257,Product Packaging Guidelines,Detailed instructions for product packaging guidelines...,2.1,2024-03-07
258,Equipment Cleaning Protocol,Detailed instructions for equipment cleaning protocol...,3.0,2024-09-03
259,Quality Testing Protocol,Detailed instructions for quality testing protocol...,2.0,2024-05-15
260,Product Packaging Guidelines,Detailed instructions for product packaging guidelines...,1.0,2024-11-15
261,Quality Testing Protocol,Detailed instructions for quality testing protocol...,2.8,2024-11-07
262,Equipment Cleaning Protocol,Detailed instructions for equipment cleaning protocol...,1.8,2024-12-09
263,Quality Testing Protocol,Detailed instructions for quality testing protocol...,3.5,2024-02-07
264,Equipment Cleaning Protocol,Detailed instructions for equipment cleaning protocol...,3.1,2024-02-22
265,Pasteurization Process,Detailed instructions for pasteurization process...,2.0,2024-04-18
266,Product Packaging Guidelines,Detailed instructions for product packaging guidelines...,2.5,2024-11-12
267,Equipment Cleaning Protocol,Detailed instructions for equipment cleaning protocol...,3.1,2024-11-17
268,Quality Testing Protocol,Detailed instructions for quality testing protocol...,2.0,2024-12-20
269,Pasteurization Process,Detailed instructions for pasteurization process...,1.5,2024-11-07
270,Product Packaging Guidelines,Detailed instructions for product packaging guidelines...,2.8,2024-07-05
271,Quality Testing Protocol,Detailed instructions for quality testing protocol...,2.7,2024-06-19
272,Quality Testing Protocol,Detailed instructions for quality testing protocol...,2.7,2024-07-21
273,Equipment Cleaning Protocol,Detailed instructions for equipment cleaning protocol...,3.5,2024-06-12
274,Equipment Cleaning Protocol,Detailed instructions for equipment cleaning protocol...,3.3,2024-03-03
275,Quality Testing Protocol,Detailed instructions for quality testing protocol...,3.0,2024-07-14
276,Product Packaging Guidelines,Detailed instructions for product packaging guidelines...,2.6,2024-09-15
277,Equipment Cleaning Protocol,Detailed instructions for equipment cleaning protocol...,3.5,2024-07-20
278,Quality Testing Protocol,Detailed instructions for quality testing protocol...,1.6,2024-10-01
279,Product Packaging Guidelines,Detailed instructions for product packaging guidelines...,2.1,2024-06-06
280,Equipment Cleaning Protocol,Detailed instructions for equipment cleaning protocol...,2.4,2024-08-08
281,Product Packaging Guidelines,Detailed instructions for product packaging guidelines...,1.4,2024-11-30
282,Quality Testing Protocol,Detailed instructions for quality testing protocol...,2.2,2024-10-21
283,Quality Testing Protocol,Detailed instructions for quality testing protocol...,2.7,2024-09-14
284,Quality Testing Protocol,Detailed instructions for quality testing protocol...,1.5,2024-07-26
285,Equipment Cleaning Protocol,Detailed instructions for equipment cleaning protocol...,2.8,2024-07-24
286,Quality Testing Protocol,Detailed instructions for quality testing protocol...,1.1,2024-12-15
287,Quality Testing Protocol,Detailed instructions for quality testing protocol...,3.2,2024-10-02
288,Product Packaging Guidelines,Detailed instructions for product packaging guidelines...,2.6,2024-06-21
289,Equipment Cleaning Protocol,Detailed instructions for equipment cleaning protocol...,3.8,2024-06-25
290,Equipment Cleaning Protocol,Detailed instructions for equipment cleaning protocol...,1.5,2024-03-03
291,Product Packaging Guidelines,Detailed instructions for product packaging guidelines...,3.3,2024-10-30
292,Pasteurization Process,Detailed instructions for pasteurization process...,2.4,2024-06-21
293,Product Packaging Guidelines,Detailed instructions for product packaging guidelines...,1.8,2024-01-10
294,Product Packaging Guidelines,Detailed instructions for product packaging guidelines...,2.7,2024-11-25
295,Pasteurization Process,Detailed instructions for pasteurization process...,1.9,2024-08-02
296,Quality Testing Protocol,Detailed instructions for quality testing protocol...,1.3,2024-09-14
297,Pasteurization Process,Detailed instructions for pasteurization process...,3.7,2024-04-28
298,Equipment Cleaning Protocol,Detailed instructions for equipment cleaning protocol...,1.2,2024-05-29
299,Equipment Cleaning Protocol,Detailed instructions for equipment cleaning protocol...,3.5,2024-01-03
300,Product Packaging Guidelines,Detailed instructions for product packaging guidelines...,2.9,2024-04-03
